Sep 15, 2026 6:59:19 PM com.google.cloud.datastore.emulator.firestore.websocket.WebSocketServer start
INFO: Started WebSocket server on ws://127.0.0.1:9150

API endpoint: http://127.0.0.1:8080
Database Edition: STANDARD
Database Mode: CLOUD_FIRESTORE

If you are using a library that supports the FIRESTORE_EMULATOR_HOST environment variable, run:

   export FIRESTORE_EMULATOR_HOST=127.0.0.1:8080

If you are running a Firestore in Datastore Mode project, run:

   export DATASTORE_EMULATOR_HOST=127.0.0.1:8080

Note: Support for Datastore Mode is in preview. If you encounter any bugs please file at https://github.com/firebase/firebase-tools/issues.
Dev App Server is now running.

Sep 15, 2026 6:59:24 PM io.gapi.emulators.netty.HttpVersionRoutingHandler channelRead
INFO: Detected non-HTTP/2 connection.
Sep 15, 2026 6:59:24 PM io.gapi.emulators.netty.HttpVersionRoutingHandler channelRead
INFO: Detected HTTP/2 connection.
Sep 15, 2026 6:59:32 PM io.gapi.emulators.netty.HttpVersionRoutingHandler channelRead
INFO: Detected non-HTTP/2 connection.
Sep 15, 2026 6:59:32 PM io.gapi.emulators.netty.HttpVersionRoutingHandler channelRead
INFO: Detected HTTP/2 connection.
Sep 15, 2026 6:59:34 PM com.google.cloud.datastore.emulator.impl.util.WrappedStreamObserver onError
WARNING: Operation failed: 
evaluation error at L192:24 for 'create' @ L192, false for 'create' @ L1024, evaluation error at L203:9 for 'update' @ L203, false for 'update' @ L1024, false for 'create' @ L192, false for 'create' @ L1024
com.google.cloud.datastore.core.exception.DatastoreException: 
evaluation error at L192:24 for 'create' @ L192, false for 'create' @ L1024, evaluation error at L203:9 for 'update' @ L203, false for 'update' @ L1024, false for 'create' @ L192, false for 'create' @ L1024
	at com.google.cloud.datastore.core.exception.DatastoreException$Builder.build(DatastoreException.java:152)
	at com.google.cloud.datastore.emulator.impl.rules.DefaultEmulatorRulesAuthorizer.verboseError(DefaultEmulatorRulesAuthorizer.java:349)
	at com.google.cloud.datastore.emulator.impl.rules.DefaultEmulatorRulesAuthorizer.withVerboseErrors(DefaultEmulatorRulesAuthorizer.java:326)
	at com.google.cloud.datastore.emulator.impl.rules.DefaultEmulatorRulesAuthorizer.checkCommit(DefaultEmulatorRulesAuthorizer.java:113)
	at com.google.cloud.datastore.emulator.impl.firestore.FirestoreEmulatorHelper.commitHelper(FirestoreEmulatorHelper.java:407)
	at com.google.cloud.datastore.emulator.impl.firestore.FirestoreEmulatorHelper.internalCommit(FirestoreEmulatorHelper.java:348)
	at com.google.cloud.datastore.emulator.impl.firestore.CloudFirestoreV1.internalCommit(CloudFirestoreV1.java:1336)
	at com.google.cloud.datastore.emulator.impl.firestore.CloudFirestoreV1.write(CloudFirestoreV1.java:1321)
	at com.google.cloud.datastore.emulator.impl.firestore.CloudFirestoreV1WriteStream.handleRequest(CloudFirestoreV1WriteStream.java:222)
	at com.google.cloud.datastore.emulator.impl.firestore.CloudFirestoreV1WriteStream.write(CloudFirestoreV1WriteStream.java:144)
	at com.google.cloud.datastore.emulator.impl.firestore.CloudFirestoreV1WriteStream.onNext(CloudFirestoreV1WriteStream.java:99)
	at com.google.cloud.datastore.emulator.impl.firestore.CloudFirestoreV1WriteStream.onNext(CloudFirestoreV1WriteStream.java:27)
	at io.grpc.stub.ServerCalls$StreamingServerCallHandler$StreamingServerCallListener.onMessage(ServerCalls.java:262)
	at io.grpc.ForwardingServerCallListener.onMessage(ForwardingServerCallListener.java:33)
	at io.grpc.Contexts$ContextualizedServerCallListener.onMessage(Contexts.java:76)
	at io.grpc.ForwardingServerCallListener.onMessage(ForwardingServerCallListener.java:33)
	at io.grpc.Contexts$ContextualizedServerCallListener.onMessage(Contexts.java:76)
	at io.grpc.internal.ServerCallImpl$ServerStreamListenerImpl.messagesAvailableInternal(ServerCallImpl.java:334)
	at io.grpc.internal.ServerCallImpl$ServerStreamListenerImpl.messagesAvailable(ServerCallImpl.java:319)
	at io.grpc.internal.ServerImpl$JumpToApplicationThreadServerStreamListener$1MessagesAvailable.runInContext(ServerImpl.java:852)
	at io.grpc.internal.ContextRunnable.run(ContextRunnable.java:37)
	at io.grpc.internal.SerializingExecutor.run(SerializingExecutor.java:133)
	at java.base/java.util.concurrent.ThreadPoolExecutor.runWorker(ThreadPoolExecutor.java:1144)
	at java.base/java.util.concurrent.ThreadPoolExecutor$Worker.run(ThreadPoolExecutor.java:642)
	at java.base/java.lang.Thread.run(Thread.java:1583)

Sep 15, 2026 6:59:34 PM com.google.cloud.datastore.emulator.impl.util.WrappedStreamObserver onError
WARNING: Operation failed: 
evaluation error at L192:24 for 'create' @ L192, false for 'create' @ L1024, evaluation error at L203:9 for 'update' @ L203, false for 'update' @ L1024, false for 'create' @ L192, false for 'create' @ L1024
com.google.cloud.datastore.core.exception.DatastoreException: 
evaluation error at L192:24 for 'create' @ L192, false for 'create' @ L1024, evaluation error at L203:9 for 'update' @ L203, false for 'update' @ L1024, false for 'create' @ L192, false for 'create' @ L1024
	at com.google.cloud.datastore.core.exception.DatastoreException$Builder.build(DatastoreException.java:152)
	at com.google.cloud.datastore.emulator.impl.rules.DefaultEmulatorRulesAuthorizer.verboseError(DefaultEmulatorRulesAuthorizer.java:349)
	at com.google.cloud.datastore.emulator.impl.rules.DefaultEmulatorRulesAuthorizer.withVerboseErrors(DefaultEmulatorRulesAuthorizer.java:326)
	at com.google.cloud.datastore.emulator.impl.rules.DefaultEmulatorRulesAuthorizer.checkCommit(DefaultEmulatorRulesAuthorizer.java:113)
	at com.google.cloud.datastore.emulator.impl.firestore.FirestoreEmulatorHelper.commitHelper(FirestoreEmulatorHelper.java:407)
	at com.google.cloud.datastore.emulator.impl.firestore.FirestoreEmulatorHelper.internalCommit(FirestoreEmulatorHelper.java:348)
	at com.google.cloud.datastore.emulator.impl.firestore.CloudFirestoreV1.internalCommit(CloudFirestoreV1.java:1336)
	at com.google.cloud.datastore.emulator.impl.firestore.CloudFirestoreV1.write(CloudFirestoreV1.java:1321)
	at com.google.cloud.datastore.emulator.impl.firestore.CloudFirestoreV1WriteStream.handleRequest(CloudFirestoreV1WriteStream.java:222)
	at com.google.cloud.datastore.emulator.impl.firestore.CloudFirestoreV1WriteStream.write(CloudFirestoreV1WriteStream.java:144)
	at com.google.cloud.datastore.emulator.impl.firestore.CloudFirestoreV1WriteStream.onNext(CloudFirestoreV1WriteStream.java:99)
	at com.google.cloud.datastore.emulator.impl.firestore.CloudFirestoreV1WriteStream.onNext(CloudFirestoreV1WriteStream.java:27)
	at io.grpc.stub.ServerCalls$StreamingServerCallHandler$StreamingServerCallListener.onMessage(ServerCalls.java:262)
	at io.grpc.ForwardingServerCallListener.onMessage(ForwardingServerCallListener.java:33)
	at io.grpc.Contexts$ContextualizedServerCallListener.onMessage(Contexts.java:76)
	at io.grpc.ForwardingServerCallListener.onMessage(ForwardingServerCallListener.java:33)
	at io.grpc.Contexts$ContextualizedServerCallListener.onMessage(Contexts.java:76)
	at io.grpc.internal.ServerCallImpl$ServerStreamListenerImpl.messagesAvailableInternal(ServerCallImpl.java:334)
	at io.grpc.internal.ServerCallImpl$ServerStreamListenerImpl.messagesAvailable(ServerCallImpl.java:319)
	at io.grpc.internal.ServerImpl$JumpToApplicationThreadServerStreamListener$1MessagesAvailable.runInContext(ServerImpl.java:852)
	at io.grpc.internal.ContextRunnable.run(ContextRunnable.java:37)
	at io.grpc.internal.SerializingExecutor.run(SerializingExecutor.java:133)
	at java.base/java.util.concurrent.ThreadPoolExecutor.runWorker(ThreadPoolExecutor.java:1144)
	at java.base/java.util.concurrent.ThreadPoolExecutor$Worker.run(ThreadPoolExecutor.java:642)
	at java.base/java.lang.Thread.run(Thread.java:1583)

Sep 15, 2026 6:59:35 PM com.google.cloud.datastore.emulator.impl.util.WrappedStreamObserver onError
WARNING: Operation failed: 
evaluation error at L203:9 for 'update' @ L203, false for 'update' @ L1024, false for 'update' @ L203, false for 'update' @ L1024
com.google.cloud.datastore.core.exception.DatastoreException: 
evaluation error at L203:9 for 'update' @ L203, false for 'update' @ L1024, false for 'update' @ L203, false for 'update' @ L1024
	at com.google.cloud.datastore.core.exception.DatastoreException$Builder.build(DatastoreException.java:152)
	at com.google.cloud.datastore.emulator.impl.rules.DefaultEmulatorRulesAuthorizer.verboseError(DefaultEmulatorRulesAuthorizer.java:349)
	at com.google.cloud.datastore.emulator.impl.rules.DefaultEmulatorRulesAuthorizer.withVerboseErrors(DefaultEmulatorRulesAuthorizer.java:326)
	at com.google.cloud.datastore.emulator.impl.rules.DefaultEmulatorRulesAuthorizer.checkCommit(DefaultEmulatorRulesAuthorizer.java:113)
	at com.google.cloud.datastore.emulator.impl.firestore.FirestoreEmulatorHelper.commitHelper(FirestoreEmulatorHelper.java:407)
	at com.google.cloud.datastore.emulator.impl.firestore.FirestoreEmulatorHelper.internalCommit(FirestoreEmulatorHelper.java:348)
	at com.google.cloud.datastore.emulator.impl.firestore.CloudFirestoreV1.internalCommit(CloudFirestoreV1.java:1336)
	at com.google.cloud.datastore.emulator.impl.firestore.CloudFirestoreV1.write(CloudFirestoreV1.java:1321)
	at com.google.cloud.datastore.emulator.impl.firestore.CloudFirestoreV1WriteStream.handleRequest(CloudFirestoreV1WriteStream.java:222)
	at com.google.cloud.datastore.emulator.impl.firestore.CloudFirestoreV1WriteStream.write(CloudFirestoreV1WriteStream.java:144)
	at com.google.cloud.datastore.emulator.impl.firestore.CloudFirestoreV1WriteStream.onNext(CloudFirestoreV1WriteStream.java:99)
	at com.google.cloud.datastore.emulator.impl.firestore.CloudFirestoreV1WriteStream.onNext(CloudFirestoreV1WriteStream.java:27)
	at io.grpc.stub.ServerCalls$StreamingServerCallHandler$StreamingServerCallListener.onMessage(ServerCalls.java:262)
	at io.grpc.ForwardingServerCallListener.onMessage(ForwardingServerCallListener.java:33)
	at io.grpc.Contexts$ContextualizedServerCallListener.onMessage(Contexts.java:76)
	at io.grpc.ForwardingServerCallListener.onMessage(ForwardingServerCallListener.java:33)
	at io.grpc.Contexts$ContextualizedServerCallListener.onMessage(Contexts.java:76)
	at io.grpc.internal.ServerCallImpl$ServerStreamListenerImpl.messagesAvailableInternal(ServerCallImpl.java:334)
	at io.grpc.internal.ServerCallImpl$ServerStreamListenerImpl.messagesAvailable(ServerCallImpl.java:319)
	at io.grpc.internal.ServerImpl$JumpToApplicationThreadServerStreamListener$1MessagesAvailable.runInContext(ServerImpl.java:852)
	at io.grpc.internal.ContextRunnable.run(ContextRunnable.java:37)
	at io.grpc.internal.SerializingExecutor.run(SerializingExecutor.java:133)
	at java.base/java.util.concurrent.ThreadPoolExecutor.runWorker(ThreadPoolExecutor.java:1144)
	at java.base/java.util.concurrent.ThreadPoolExecutor$Worker.run(ThreadPoolExecutor.java:642)
	at java.base/java.lang.Thread.run(Thread.java:1583)

Sep 15, 2026 6:59:35 PM com.google.cloud.datastore.emulator.impl.util.WrappedStreamObserver onError
WARNING: Operation failed: 
evaluation error at L203:9 for 'update' @ L203, false for 'update' @ L1024, false for 'update' @ L203, false for 'update' @ L1024
com.google.cloud.datastore.core.exception.DatastoreException: 
evaluation error at L203:9 for 'update' @ L203, false for 'update' @ L1024, false for 'update' @ L203, false for 'update' @ L1024
	at com.google.cloud.datastore.core.exception.DatastoreException$Builder.build(DatastoreException.java:152)
	at com.google.cloud.datastore.emulator.impl.rules.DefaultEmulatorRulesAuthorizer.verboseError(DefaultEmulatorRulesAuthorizer.java:349)
	at com.google.cloud.datastore.emulator.impl.rules.DefaultEmulatorRulesAuthorizer.withVerboseErrors(DefaultEmulatorRulesAuthorizer.java:326)
	at com.google.cloud.datastore.emulator.impl.rules.DefaultEmulatorRulesAuthorizer.checkCommit(DefaultEmulatorRulesAuthorizer.java:113)
	at com.google.cloud.datastore.emulator.impl.firestore.FirestoreEmulatorHelper.commitHelper(FirestoreEmulatorHelper.java:407)
	at com.google.cloud.datastore.emulator.impl.firestore.FirestoreEmulatorHelper.internalCommit(FirestoreEmulatorHelper.java:348)
	at com.google.cloud.datastore.emulator.impl.firestore.CloudFirestoreV1.internalCommit(CloudFirestoreV1.java:1336)
	at com.google.cloud.datastore.emulator.impl.firestore.CloudFirestoreV1.write(CloudFirestoreV1.java:1321)
	at com.google.cloud.datastore.emulator.impl.firestore.CloudFirestoreV1WriteStream.handleRequest(CloudFirestoreV1WriteStream.java:222)
	at com.google.cloud.datastore.emulator.impl.firestore.CloudFirestoreV1WriteStream.write(CloudFirestoreV1WriteStream.java:144)
	at com.google.cloud.datastore.emulator.impl.firestore.CloudFirestoreV1WriteStream.onNext(CloudFirestoreV1WriteStream.java:99)
	at com.google.cloud.datastore.emulator.impl.firestore.CloudFirestoreV1WriteStream.onNext(CloudFirestoreV1WriteStream.java:27)
	at io.grpc.stub.ServerCalls$StreamingServerCallHandler$StreamingServerCallListener.onMessage(ServerCalls.java:262)
	at io.grpc.ForwardingServerCallListener.onMessage(ForwardingServerCallListener.java:33)
	at io.grpc.Contexts$ContextualizedServerCallListener.onMessage(Contexts.java:76)
	at io.grpc.ForwardingServerCallListener.onMessage(ForwardingServerCallListener.java:33)
	at io.grpc.Contexts$ContextualizedServerCallListener.onMessage(Contexts.java:76)
	at io.grpc.internal.ServerCallImpl$ServerStreamListenerImpl.messagesAvailableInternal(ServerCallImpl.java:334)
	at io.grpc.internal.ServerCallImpl$ServerStreamListenerImpl.messagesAvailable(ServerCallImpl.java:319)
	at io.grpc.internal.ServerImpl$JumpToApplicationThreadServerStreamListener$1MessagesAvailable.runInContext(ServerImpl.java:852)
	at io.grpc.internal.ContextRunnable.run(ContextRunnable.java:37)
	at io.grpc.internal.SerializingExecutor.run(SerializingExecutor.java:133)
	at java.base/java.util.concurrent.ThreadPoolExecutor.runWorker(ThreadPoolExecutor.java:1144)
	at java.base/java.util.concurrent.ThreadPoolExecutor$Worker.run(ThreadPoolExecutor.java:642)
	at java.base/java.lang.Thread.run(Thread.java:1583)

Sep 15, 2026 6:59:35 PM com.google.cloud.datastore.emulator.impl.util.WrappedStreamObserver onError
WARNING: Operation failed: 
evaluation error at L203:9 for 'update' @ L203, false for 'update' @ L1024, false for 'update' @ L203, false for 'update' @ L1024
com.google.cloud.datastore.core.exception.DatastoreException: 
evaluation error at L203:9 for 'update' @ L203, false for 'update' @ L1024, false for 'update' @ L203, false for 'update' @ L1024
	at com.google.cloud.datastore.core.exception.DatastoreException$Builder.build(DatastoreException.java:152)
	at com.google.cloud.datastore.emulator.impl.rules.DefaultEmulatorRulesAuthorizer.verboseError(DefaultEmulatorRulesAuthorizer.java:349)
	at com.google.cloud.datastore.emulator.impl.rules.DefaultEmulatorRulesAuthorizer.withVerboseErrors(DefaultEmulatorRulesAuthorizer.java:326)
	at com.google.cloud.datastore.emulator.impl.rules.DefaultEmulatorRulesAuthorizer.checkCommit(DefaultEmulatorRulesAuthorizer.java:113)
	at com.google.cloud.datastore.emulator.impl.firestore.FirestoreEmulatorHelper.commitHelper(FirestoreEmulatorHelper.java:407)
	at com.google.cloud.datastore.emulator.impl.firestore.FirestoreEmulatorHelper.internalCommit(FirestoreEmulatorHelper.java:348)
	at com.google.cloud.datastore.emulator.impl.firestore.CloudFirestoreV1.internalCommit(CloudFirestoreV1.java:1336)
	at com.google.cloud.datastore.emulator.impl.firestore.CloudFirestoreV1.write(CloudFirestoreV1.java:1321)
	at com.google.cloud.datastore.emulator.impl.firestore.CloudFirestoreV1WriteStream.handleRequest(CloudFirestoreV1WriteStream.java:222)
	at com.google.cloud.datastore.emulator.impl.firestore.CloudFirestoreV1WriteStream.write(CloudFirestoreV1WriteStream.java:144)
	at com.google.cloud.datastore.emulator.impl.firestore.CloudFirestoreV1WriteStream.onNext(CloudFirestoreV1WriteStream.java:99)
	at com.google.cloud.datastore.emulator.impl.firestore.CloudFirestoreV1WriteStream.onNext(CloudFirestoreV1WriteStream.java:27)
	at io.grpc.stub.ServerCalls$StreamingServerCallHandler$StreamingServerCallListener.onMessage(ServerCalls.java:262)
	at io.grpc.ForwardingServerCallListener.onMessage(ForwardingServerCallListener.java:33)
	at io.grpc.Contexts$ContextualizedServerCallListener.onMessage(Contexts.java:76)
	at io.grpc.ForwardingServerCallListener.onMessage(ForwardingServerCallListener.java:33)
	at io.grpc.Contexts$ContextualizedServerCallListener.onMessage(Contexts.java:76)
	at io.grpc.internal.ServerCallImpl$ServerStreamListenerImpl.messagesAvailableInternal(ServerCallImpl.java:334)
	at io.grpc.internal.ServerCallImpl$ServerStreamListenerImpl.messagesAvailable(ServerCallImpl.java:319)
	at io.grpc.internal.ServerImpl$JumpToApplicationThreadServerStreamListener$1MessagesAvailable.runInContext(ServerImpl.java:852)
	at io.grpc.internal.ContextRunnable.run(ContextRunnable.java:37)
	at io.grpc.internal.SerializingExecutor.run(SerializingExecutor.java:133)
	at java.base/java.util.concurrent.ThreadPoolExecutor.runWorker(ThreadPoolExecutor.java:1144)
	at java.base/java.util.concurrent.ThreadPoolExecutor$Worker.run(ThreadPoolExecutor.java:642)
	at java.base/java.lang.Thread.run(Thread.java:1583)

Sep 15, 2026 6:59:36 PM com.google.cloud.datastore.emulator.impl.util.WrappedStreamObserver onError
WARNING: Operation failed: 
evaluation error at L203:9 for 'update' @ L203, false for 'update' @ L1024, false for 'update' @ L203, false for 'update' @ L1024
com.google.cloud.datastore.core.exception.DatastoreException: 
evaluation error at L203:9 for 'update' @ L203, false for 'update' @ L1024, false for 'update' @ L203, false for 'update' @ L1024
	at com.google.cloud.datastore.core.exception.DatastoreException$Builder.build(DatastoreException.java:152)
	at com.google.cloud.datastore.emulator.impl.rules.DefaultEmulatorRulesAuthorizer.verboseError(DefaultEmulatorRulesAuthorizer.java:349)
	at com.google.cloud.datastore.emulator.impl.rules.DefaultEmulatorRulesAuthorizer.withVerboseErrors(DefaultEmulatorRulesAuthorizer.java:326)
	at com.google.cloud.datastore.emulator.impl.rules.DefaultEmulatorRulesAuthorizer.checkCommit(DefaultEmulatorRulesAuthorizer.java:113)
	at com.google.cloud.datastore.emulator.impl.firestore.FirestoreEmulatorHelper.commitHelper(FirestoreEmulatorHelper.java:407)
	at com.google.cloud.datastore.emulator.impl.firestore.FirestoreEmulatorHelper.internalCommit(FirestoreEmulatorHelper.java:348)
	at com.google.cloud.datastore.emulator.impl.firestore.CloudFirestoreV1.internalCommit(CloudFirestoreV1.java:1336)
	at com.google.cloud.datastore.emulator.impl.firestore.CloudFirestoreV1.write(CloudFirestoreV1.java:1321)
	at com.google.cloud.datastore.emulator.impl.firestore.CloudFirestoreV1WriteStream.handleRequest(CloudFirestoreV1WriteStream.java:222)
	at com.google.cloud.datastore.emulator.impl.firestore.CloudFirestoreV1WriteStream.write(CloudFirestoreV1WriteStream.java:144)
	at com.google.cloud.datastore.emulator.impl.firestore.CloudFirestoreV1WriteStream.onNext(CloudFirestoreV1WriteStream.java:99)
	at com.google.cloud.datastore.emulator.impl.firestore.CloudFirestoreV1WriteStream.onNext(CloudFirestoreV1WriteStream.java:27)
	at io.grpc.stub.ServerCalls$StreamingServerCallHandler$StreamingServerCallListener.onMessage(ServerCalls.java:262)
	at io.grpc.ForwardingServerCallListener.onMessage(ForwardingServerCallListener.java:33)
	at io.grpc.Contexts$ContextualizedServerCallListener.onMessage(Contexts.java:76)
	at io.grpc.ForwardingServerCallListener.onMessage(ForwardingServerCallListener.java:33)
	at io.grpc.Contexts$ContextualizedServerCallListener.onMessage(Contexts.java:76)
	at io.grpc.internal.ServerCallImpl$ServerStreamListenerImpl.messagesAvailableInternal(ServerCallImpl.java:334)
	at io.grpc.internal.ServerCallImpl$ServerStreamListenerImpl.messagesAvailable(ServerCallImpl.java:319)
	at io.grpc.internal.ServerImpl$JumpToApplicationThreadServerStreamListener$1MessagesAvailable.runInContext(ServerImpl.java:852)
	at io.grpc.internal.ContextRunnable.run(ContextRunnable.java:37)
	at io.grpc.internal.SerializingExecutor.run(SerializingExecutor.java:133)
	at java.base/java.util.concurrent.ThreadPoolExecutor.runWorker(ThreadPoolExecutor.java:1144)
	at java.base/java.util.concurrent.ThreadPoolExecutor$Worker.run(ThreadPoolExecutor.java:642)
	at java.base/java.lang.Thread.run(Thread.java:1583)

Sep 15, 2026 6:59:36 PM com.google.cloud.datastore.emulator.impl.util.WrappedStreamObserver onError
WARNING: Operation failed: 
evaluation error at L203:9 for 'update' @ L203, false for 'update' @ L1024, false for 'update' @ L203, false for 'update' @ L1024
com.google.cloud.datastore.core.exception.DatastoreException: 
evaluation error at L203:9 for 'update' @ L203, false for 'update' @ L1024, false for 'update' @ L203, false for 'update' @ L1024
	at com.google.cloud.datastore.core.exception.DatastoreException$Builder.build(DatastoreException.java:152)
	at com.google.cloud.datastore.emulator.impl.rules.DefaultEmulatorRulesAuthorizer.verboseError(DefaultEmulatorRulesAuthorizer.java:349)
	at com.google.cloud.datastore.emulator.impl.rules.DefaultEmulatorRulesAuthorizer.withVerboseErrors(DefaultEmulatorRulesAuthorizer.java:326)
	at com.google.cloud.datastore.emulator.impl.rules.DefaultEmulatorRulesAuthorizer.checkCommit(DefaultEmulatorRulesAuthorizer.java:113)
	at com.google.cloud.datastore.emulator.impl.firestore.FirestoreEmulatorHelper.commitHelper(FirestoreEmulatorHelper.java:407)
	at com.google.cloud.datastore.emulator.impl.firestore.FirestoreEmulatorHelper.internalCommit(FirestoreEmulatorHelper.java:348)
	at com.google.cloud.datastore.emulator.impl.firestore.CloudFirestoreV1.internalCommit(CloudFirestoreV1.java:1336)
	at com.google.cloud.datastore.emulator.impl.firestore.CloudFirestoreV1.write(CloudFirestoreV1.java:1321)
	at com.google.cloud.datastore.emulator.impl.firestore.CloudFirestoreV1WriteStream.handleRequest(CloudFirestoreV1WriteStream.java:222)
	at com.google.cloud.datastore.emulator.impl.firestore.CloudFirestoreV1WriteStream.write(CloudFirestoreV1WriteStream.java:144)
	at com.google.cloud.datastore.emulator.impl.firestore.CloudFirestoreV1WriteStream.onNext(CloudFirestoreV1WriteStream.java:99)
	at com.google.cloud.datastore.emulator.impl.firestore.CloudFirestoreV1WriteStream.onNext(CloudFirestoreV1WriteStream.java:27)
	at io.grpc.stub.ServerCalls$StreamingServerCallHandler$StreamingServerCallListener.onMessage(ServerCalls.java:262)
	at io.grpc.ForwardingServerCallListener.onMessage(ForwardingServerCallListener.java:33)
	at io.grpc.Contexts$ContextualizedServerCallListener.onMessage(Contexts.java:76)
	at io.grpc.ForwardingServerCallListener.onMessage(ForwardingServerCallListener.java:33)
	at io.grpc.Contexts$ContextualizedServerCallListener.onMessage(Contexts.java:76)
	at io.grpc.internal.ServerCallImpl$ServerStreamListenerImpl.messagesAvailableInternal(ServerCallImpl.java:334)
	at io.grpc.internal.ServerCallImpl$ServerStreamListenerImpl.messagesAvailable(ServerCallImpl.java:319)
	at io.grpc.internal.ServerImpl$JumpToApplicationThreadServerStreamListener$1MessagesAvailable.runInContext(ServerImpl.java:852)
	at io.grpc.internal.ContextRunnable.run(ContextRunnable.java:37)
	at io.grpc.internal.SerializingExecutor.run(SerializingExecutor.java:133)
	at java.base/java.util.concurrent.ThreadPoolExecutor.runWorker(ThreadPoolExecutor.java:1144)
	at java.base/java.util.concurrent.ThreadPoolExecutor$Worker.run(ThreadPoolExecutor.java:642)
	at java.base/java.lang.Thread.run(Thread.java:1583)

Sep 15, 2026 6:59:36 PM com.google.cloud.datastore.emulator.impl.util.WrappedStreamObserver onError
WARNING: Operation failed: 
evaluation error at L203:9 for 'update' @ L203, false for 'update' @ L1024, false for 'update' @ L203, false for 'update' @ L1024
com.google.cloud.datastore.core.exception.DatastoreException: 
evaluation error at L203:9 for 'update' @ L203, false for 'update' @ L1024, false for 'update' @ L203, false for 'update' @ L1024
	at com.google.cloud.datastore.core.exception.DatastoreException$Builder.build(DatastoreException.java:152)
	at com.google.cloud.datastore.emulator.impl.rules.DefaultEmulatorRulesAuthorizer.verboseError(DefaultEmulatorRulesAuthorizer.java:349)
	at com.google.cloud.datastore.emulator.impl.rules.DefaultEmulatorRulesAuthorizer.withVerboseErrors(DefaultEmulatorRulesAuthorizer.java:326)
	at com.google.cloud.datastore.emulator.impl.rules.DefaultEmulatorRulesAuthorizer.checkCommit(DefaultEmulatorRulesAuthorizer.java:113)
	at com.google.cloud.datastore.emulator.impl.firestore.FirestoreEmulatorHelper.commitHelper(FirestoreEmulatorHelper.java:407)
	at com.google.cloud.datastore.emulator.impl.firestore.FirestoreEmulatorHelper.internalCommit(FirestoreEmulatorHelper.java:348)
	at com.google.cloud.datastore.emulator.impl.firestore.CloudFirestoreV1.internalCommit(CloudFirestoreV1.java:1336)
	at com.google.cloud.datastore.emulator.impl.firestore.CloudFirestoreV1.write(CloudFirestoreV1.java:1321)
	at com.google.cloud.datastore.emulator.impl.firestore.CloudFirestoreV1WriteStream.handleRequest(CloudFirestoreV1WriteStream.java:222)
	at com.google.cloud.datastore.emulator.impl.firestore.CloudFirestoreV1WriteStream.write(CloudFirestoreV1WriteStream.java:144)
	at com.google.cloud.datastore.emulator.impl.firestore.CloudFirestoreV1WriteStream.onNext(CloudFirestoreV1WriteStream.java:99)
	at com.google.cloud.datastore.emulator.impl.firestore.CloudFirestoreV1WriteStream.onNext(CloudFirestoreV1WriteStream.java:27)
	at io.grpc.stub.ServerCalls$StreamingServerCallHandler$StreamingServerCallListener.onMessage(ServerCalls.java:262)
	at io.grpc.ForwardingServerCallListener.onMessage(ForwardingServerCallListener.java:33)
	at io.grpc.Contexts$ContextualizedServerCallListener.onMessage(Contexts.java:76)
	at io.grpc.ForwardingServerCallListener.onMessage(ForwardingServerCallListener.java:33)
	at io.grpc.Contexts$ContextualizedServerCallListener.onMessage(Contexts.java:76)
	at io.grpc.internal.ServerCallImpl$ServerStreamListenerImpl.messagesAvailableInternal(ServerCallImpl.java:334)
	at io.grpc.internal.ServerCallImpl$ServerStreamListenerImpl.messagesAvailable(ServerCallImpl.java:319)
	at io.grpc.internal.ServerImpl$JumpToApplicationThreadServerStreamListener$1MessagesAvailable.runInContext(ServerImpl.java:852)
	at io.grpc.internal.ContextRunnable.run(ContextRunnable.java:37)
	at io.grpc.internal.SerializingExecutor.run(SerializingExecutor.java:133)
	at java.base/java.util.concurrent.ThreadPoolExecutor.runWorker(ThreadPoolExecutor.java:1144)
	at java.base/java.util.concurrent.ThreadPoolExecutor$Worker.run(ThreadPoolExecutor.java:642)
	at java.base/java.lang.Thread.run(Thread.java:1583)

Sep 15, 2026 6:59:36 PM com.google.cloud.datastore.emulator.impl.util.WrappedStreamObserver onError
WARNING: Operation failed: 
evaluation error at L203:9 for 'update' @ L203, false for 'update' @ L1024, false for 'create' @ L450, false for 'create' @ L1024, evaluation error at L465:9 for 'update' @ L465, false for 'update' @ L1024, false for 'create' @ L500, false for 'create' @ L1024, false for 'update' @ L505, false for 'update' @ L1024
com.google.cloud.datastore.core.exception.DatastoreException: 
evaluation error at L203:9 for 'update' @ L203, false for 'update' @ L1024, false for 'create' @ L450, false for 'create' @ L1024, evaluation error at L465:9 for 'update' @ L465, false for 'update' @ L1024, false for 'create' @ L500, false for 'create' @ L1024, false for 'update' @ L505, false for 'update' @ L1024
	at com.google.cloud.datastore.core.exception.DatastoreException$Builder.build(DatastoreException.java:152)
	at com.google.cloud.datastore.emulator.impl.rules.DefaultEmulatorRulesAuthorizer.verboseError(DefaultEmulatorRulesAuthorizer.java:349)
	at com.google.cloud.datastore.emulator.impl.rules.DefaultEmulatorRulesAuthorizer.withVerboseErrors(DefaultEmulatorRulesAuthorizer.java:326)
	at com.google.cloud.datastore.emulator.impl.rules.DefaultEmulatorRulesAuthorizer.checkCommit(DefaultEmulatorRulesAuthorizer.java:113)
	at com.google.cloud.datastore.emulator.impl.firestore.FirestoreEmulatorHelper.commitHelper(FirestoreEmulatorHelper.java:407)
	at com.google.cloud.datastore.emulator.impl.firestore.FirestoreEmulatorHelper.internalCommit(FirestoreEmulatorHelper.java:348)
	at com.google.cloud.datastore.emulator.impl.firestore.CloudFirestoreV1.internalCommit(CloudFirestoreV1.java:1336)
	at com.google.cloud.datastore.emulator.impl.firestore.CloudFirestoreV1.write(CloudFirestoreV1.java:1321)
	at com.google.cloud.datastore.emulator.impl.firestore.CloudFirestoreV1WriteStream.handleRequest(CloudFirestoreV1WriteStream.java:222)
	at com.google.cloud.datastore.emulator.impl.firestore.CloudFirestoreV1WriteStream.write(CloudFirestoreV1WriteStream.java:144)
	at com.google.cloud.datastore.emulator.impl.firestore.CloudFirestoreV1WriteStream.onNext(CloudFirestoreV1WriteStream.java:99)
	at com.google.cloud.datastore.emulator.impl.firestore.CloudFirestoreV1WriteStream.onNext(CloudFirestoreV1WriteStream.java:27)
	at io.grpc.stub.ServerCalls$StreamingServerCallHandler$StreamingServerCallListener.onMessage(ServerCalls.java:262)
	at io.grpc.ForwardingServerCallListener.onMessage(ForwardingServerCallListener.java:33)
	at io.grpc.Contexts$ContextualizedServerCallListener.onMessage(Contexts.java:76)
	at io.grpc.ForwardingServerCallListener.onMessage(ForwardingServerCallListener.java:33)
	at io.grpc.Contexts$ContextualizedServerCallListener.onMessage(Contexts.java:76)
	at io.grpc.internal.ServerCallImpl$ServerStreamListenerImpl.messagesAvailableInternal(ServerCallImpl.java:334)
	at io.grpc.internal.ServerCallImpl$ServerStreamListenerImpl.messagesAvailable(ServerCallImpl.java:319)
	at io.grpc.internal.ServerImpl$JumpToApplicationThreadServerStreamListener$1MessagesAvailable.runInContext(ServerImpl.java:852)
	at io.grpc.internal.ContextRunnable.run(ContextRunnable.java:37)
	at io.grpc.internal.SerializingExecutor.run(SerializingExecutor.java:133)
	at java.base/java.util.concurrent.ThreadPoolExecutor.runWorker(ThreadPoolExecutor.java:1144)
	at java.base/java.util.concurrent.ThreadPoolExecutor$Worker.run(ThreadPoolExecutor.java:642)
	at java.base/java.lang.Thread.run(Thread.java:1583)

Sep 15, 2026 6:59:36 PM com.google.cloud.datastore.emulator.impl.util.WrappedStreamObserver onError
WARNING: Operation failed: 
evaluation error at L203:9 for 'update' @ L203, false for 'update' @ L1024, false for 'create' @ L500, false for 'create' @ L1024, false for 'update' @ L505, false for 'update' @ L1024, false for 'update' @ L203, false for 'update' @ L1024
com.google.cloud.datastore.core.exception.DatastoreException: 
evaluation error at L203:9 for 'update' @ L203, false for 'update' @ L1024, false for 'create' @ L500, false for 'create' @ L1024, false for 'update' @ L505, false for 'update' @ L1024, false for 'update' @ L203, false for 'update' @ L1024
	at com.google.cloud.datastore.core.exception.DatastoreException$Builder.build(DatastoreException.java:152)
	at com.google.cloud.datastore.emulator.impl.rules.DefaultEmulatorRulesAuthorizer.verboseError(DefaultEmulatorRulesAuthorizer.java:349)
	at com.google.cloud.datastore.emulator.impl.rules.DefaultEmulatorRulesAuthorizer.withVerboseErrors(DefaultEmulatorRulesAuthorizer.java:326)
	at com.google.cloud.datastore.emulator.impl.rules.DefaultEmulatorRulesAuthorizer.checkCommit(DefaultEmulatorRulesAuthorizer.java:113)
	at com.google.cloud.datastore.emulator.impl.firestore.FirestoreEmulatorHelper.commitHelper(FirestoreEmulatorHelper.java:407)
	at com.google.cloud.datastore.emulator.impl.firestore.FirestoreEmulatorHelper.internalCommit(FirestoreEmulatorHelper.java:348)
	at com.google.cloud.datastore.emulator.impl.firestore.CloudFirestoreV1.internalCommit(CloudFirestoreV1.java:1336)
	at com.google.cloud.datastore.emulator.impl.firestore.CloudFirestoreV1.write(CloudFirestoreV1.java:1321)
	at com.google.cloud.datastore.emulator.impl.firestore.CloudFirestoreV1WriteStream.handleRequest(CloudFirestoreV1WriteStream.java:222)
	at com.google.cloud.datastore.emulator.impl.firestore.CloudFirestoreV1WriteStream.write(CloudFirestoreV1WriteStream.java:144)
	at com.google.cloud.datastore.emulator.impl.firestore.CloudFirestoreV1WriteStream.onNext(CloudFirestoreV1WriteStream.java:99)
	at com.google.cloud.datastore.emulator.impl.firestore.CloudFirestoreV1WriteStream.onNext(CloudFirestoreV1WriteStream.java:27)
	at io.grpc.stub.ServerCalls$StreamingServerCallHandler$StreamingServerCallListener.onMessage(ServerCalls.java:262)
	at io.grpc.ForwardingServerCallListener.onMessage(ForwardingServerCallListener.java:33)
	at io.grpc.Contexts$ContextualizedServerCallListener.onMessage(Contexts.java:76)
	at io.grpc.ForwardingServerCallListener.onMessage(ForwardingServerCallListener.java:33)
	at io.grpc.Contexts$ContextualizedServerCallListener.onMessage(Contexts.java:76)
	at io.grpc.internal.ServerCallImpl$ServerStreamListenerImpl.messagesAvailableInternal(ServerCallImpl.java:334)
	at io.grpc.internal.ServerCallImpl$ServerStreamListenerImpl.messagesAvailable(ServerCallImpl.java:319)
	at io.grpc.internal.ServerImpl$JumpToApplicationThreadServerStreamListener$1MessagesAvailable.runInContext(ServerImpl.java:852)
	at io.grpc.internal.ContextRunnable.run(ContextRunnable.java:37)
	at io.grpc.internal.SerializingExecutor.run(SerializingExecutor.java:133)
	at java.base/java.util.concurrent.ThreadPoolExecutor.runWorker(ThreadPoolExecutor.java:1144)
	at java.base/java.util.concurrent.ThreadPoolExecutor$Worker.run(ThreadPoolExecutor.java:642)
	at java.base/java.lang.Thread.run(Thread.java:1583)

Sep 15, 2026 6:59:37 PM com.google.cloud.datastore.emulator.impl.util.WrappedStreamObserver onError
WARNING: Operation failed: 
evaluation error at L203:9 for 'update' @ L203, false for 'update' @ L1024, evaluation error at L450:24 for 'create' @ L450, false for 'create' @ L1024, evaluation error at L465:9 for 'update' @ L465, false for 'update' @ L1024, false for 'update' @ L203, false for 'update' @ L1024, false for 'create' @ L450, false for 'create' @ L1024
com.google.cloud.datastore.core.exception.DatastoreException: 
evaluation error at L203:9 for 'update' @ L203, false for 'update' @ L1024, evaluation error at L450:24 for 'create' @ L450, false for 'create' @ L1024, evaluation error at L465:9 for 'update' @ L465, false for 'update' @ L1024, false for 'update' @ L203, false for 'update' @ L1024, false for 'create' @ L450, false for 'create' @ L1024
	at com.google.cloud.datastore.core.exception.DatastoreException$Builder.build(DatastoreException.java:152)
	at com.google.cloud.datastore.emulator.impl.rules.DefaultEmulatorRulesAuthorizer.verboseError(DefaultEmulatorRulesAuthorizer.java:349)
	at com.google.cloud.datastore.emulator.impl.rules.DefaultEmulatorRulesAuthorizer.withVerboseErrors(DefaultEmulatorRulesAuthorizer.java:326)
	at com.google.cloud.datastore.emulator.impl.rules.DefaultEmulatorRulesAuthorizer.checkCommit(DefaultEmulatorRulesAuthorizer.java:113)
	at com.google.cloud.datastore.emulator.impl.firestore.FirestoreEmulatorHelper.commitHelper(FirestoreEmulatorHelper.java:407)
	at com.google.cloud.datastore.emulator.impl.firestore.FirestoreEmulatorHelper.internalCommit(FirestoreEmulatorHelper.java:348)
	at com.google.cloud.datastore.emulator.impl.firestore.CloudFirestoreV1.internalCommit(CloudFirestoreV1.java:1336)
	at com.google.cloud.datastore.emulator.impl.firestore.CloudFirestoreV1.write(CloudFirestoreV1.java:1321)
	at com.google.cloud.datastore.emulator.impl.firestore.CloudFirestoreV1WriteStream.handleRequest(CloudFirestoreV1WriteStream.java:222)
	at com.google.cloud.datastore.emulator.impl.firestore.CloudFirestoreV1WriteStream.write(CloudFirestoreV1WriteStream.java:144)
	at com.google.cloud.datastore.emulator.impl.firestore.CloudFirestoreV1WriteStream.onNext(CloudFirestoreV1WriteStream.java:99)
	at com.google.cloud.datastore.emulator.impl.firestore.CloudFirestoreV1WriteStream.onNext(CloudFirestoreV1WriteStream.java:27)
	at io.grpc.stub.ServerCalls$StreamingServerCallHandler$StreamingServerCallListener.onMessage(ServerCalls.java:262)
	at io.grpc.ForwardingServerCallListener.onMessage(ForwardingServerCallListener.java:33)
	at io.grpc.Contexts$ContextualizedServerCallListener.onMessage(Contexts.java:76)
	at io.grpc.ForwardingServerCallListener.onMessage(ForwardingServerCallListener.java:33)
	at io.grpc.Contexts$ContextualizedServerCallListener.onMessage(Contexts.java:76)
	at io.grpc.internal.ServerCallImpl$ServerStreamListenerImpl.messagesAvailableInternal(ServerCallImpl.java:334)
	at io.grpc.internal.ServerCallImpl$ServerStreamListenerImpl.messagesAvailable(ServerCallImpl.java:319)
	at io.grpc.internal.ServerImpl$JumpToApplicationThreadServerStreamListener$1MessagesAvailable.runInContext(ServerImpl.java:852)
	at io.grpc.internal.ContextRunnable.run(ContextRunnable.java:37)
	at io.grpc.internal.SerializingExecutor.run(SerializingExecutor.java:133)
	at java.base/java.util.concurrent.ThreadPoolExecutor.runWorker(ThreadPoolExecutor.java:1144)
	at java.base/java.util.concurrent.ThreadPoolExecutor$Worker.run(ThreadPoolExecutor.java:642)
	at java.base/java.lang.Thread.run(Thread.java:1583)

Sep 15, 2026 6:59:37 PM com.google.cloud.datastore.emulator.impl.util.WrappedStreamObserver onError
WARNING: Operation failed: 
evaluation error at L203:9 for 'update' @ L203, false for 'update' @ L1024, evaluation error at L450:24 for 'create' @ L450, false for 'create' @ L1024, evaluation error at L465:9 for 'update' @ L465, false for 'update' @ L1024, false for 'create' @ L500, false for 'create' @ L1024, false for 'update' @ L505, false for 'update' @ L1024, false for 'update' @ L203, false for 'update' @ L1024, false for 'create' @ L450, false for 'create' @ L1024
com.google.cloud.datastore.core.exception.DatastoreException: 
evaluation error at L203:9 for 'update' @ L203, false for 'update' @ L1024, evaluation error at L450:24 for 'create' @ L450, false for 'create' @ L1024, evaluation error at L465:9 for 'update' @ L465, false for 'update' @ L1024, false for 'create' @ L500, false for 'create' @ L1024, false for 'update' @ L505, false for 'update' @ L1024, false for 'update' @ L203, false for 'update' @ L1024, false for 'create' @ L450, false for 'create' @ L1024
	at com.google.cloud.datastore.core.exception.DatastoreException$Builder.build(DatastoreException.java:152)
	at com.google.cloud.datastore.emulator.impl.rules.DefaultEmulatorRulesAuthorizer.verboseError(DefaultEmulatorRulesAuthorizer.java:349)
	at com.google.cloud.datastore.emulator.impl.rules.DefaultEmulatorRulesAuthorizer.withVerboseErrors(DefaultEmulatorRulesAuthorizer.java:326)
	at com.google.cloud.datastore.emulator.impl.rules.DefaultEmulatorRulesAuthorizer.checkCommit(DefaultEmulatorRulesAuthorizer.java:113)
	at com.google.cloud.datastore.emulator.impl.firestore.FirestoreEmulatorHelper.commitHelper(FirestoreEmulatorHelper.java:407)
	at com.google.cloud.datastore.emulator.impl.firestore.FirestoreEmulatorHelper.internalCommit(FirestoreEmulatorHelper.java:348)
	at com.google.cloud.datastore.emulator.impl.firestore.CloudFirestoreV1.internalCommit(CloudFirestoreV1.java:1336)
	at com.google.cloud.datastore.emulator.impl.firestore.CloudFirestoreV1.write(CloudFirestoreV1.java:1321)
	at com.google.cloud.datastore.emulator.impl.firestore.CloudFirestoreV1WriteStream.handleRequest(CloudFirestoreV1WriteStream.java:222)
	at com.google.cloud.datastore.emulator.impl.firestore.CloudFirestoreV1WriteStream.write(CloudFirestoreV1WriteStream.java:144)
	at com.google.cloud.datastore.emulator.impl.firestore.CloudFirestoreV1WriteStream.onNext(CloudFirestoreV1WriteStream.java:99)
	at com.google.cloud.datastore.emulator.impl.firestore.CloudFirestoreV1WriteStream.onNext(CloudFirestoreV1WriteStream.java:27)
	at io.grpc.stub.ServerCalls$StreamingServerCallHandler$StreamingServerCallListener.onMessage(ServerCalls.java:262)
	at io.grpc.ForwardingServerCallListener.onMessage(ForwardingServerCallListener.java:33)
	at io.grpc.Contexts$ContextualizedServerCallListener.onMessage(Contexts.java:76)
	at io.grpc.ForwardingServerCallListener.onMessage(ForwardingServerCallListener.java:33)
	at io.grpc.Contexts$ContextualizedServerCallListener.onMessage(Contexts.java:76)
	at io.grpc.internal.ServerCallImpl$ServerStreamListenerImpl.messagesAvailableInternal(ServerCallImpl.java:334)
	at io.grpc.internal.ServerCallImpl$ServerStreamListenerImpl.messagesAvailable(ServerCallImpl.java:319)
	at io.grpc.internal.ServerImpl$JumpToApplicationThreadServerStreamListener$1MessagesAvailable.runInContext(ServerImpl.java:852)
	at io.grpc.internal.ContextRunnable.run(ContextRunnable.java:37)
	at io.grpc.internal.SerializingExecutor.run(SerializingExecutor.java:133)
	at java.base/java.util.concurrent.ThreadPoolExecutor.runWorker(ThreadPoolExecutor.java:1144)
	at java.base/java.util.concurrent.ThreadPoolExecutor$Worker.run(ThreadPoolExecutor.java:642)
	at java.base/java.lang.Thread.run(Thread.java:1583)

Sep 15, 2026 6:59:37 PM com.google.cloud.datastore.emulator.impl.util.WrappedStreamObserver onError
WARNING: Operation failed: 
false for 'create' @ L500, false for 'create' @ L1024, false for 'update' @ L505, false for 'update' @ L1024
com.google.cloud.datastore.core.exception.DatastoreException: 
false for 'create' @ L500, false for 'create' @ L1024, false for 'update' @ L505, false for 'update' @ L1024
	at com.google.cloud.datastore.core.exception.DatastoreException$Builder.build(DatastoreException.java:152)
	at com.google.cloud.datastore.emulator.impl.rules.DefaultEmulatorRulesAuthorizer.verboseError(DefaultEmulatorRulesAuthorizer.java:349)
	at com.google.cloud.datastore.emulator.impl.rules.DefaultEmulatorRulesAuthorizer.withVerboseErrors(DefaultEmulatorRulesAuthorizer.java:326)
	at com.google.cloud.datastore.emulator.impl.rules.DefaultEmulatorRulesAuthorizer.checkCommit(DefaultEmulatorRulesAuthorizer.java:113)
	at com.google.cloud.datastore.emulator.impl.firestore.FirestoreEmulatorHelper.commitHelper(FirestoreEmulatorHelper.java:407)
	at com.google.cloud.datastore.emulator.impl.firestore.FirestoreEmulatorHelper.internalCommit(FirestoreEmulatorHelper.java:348)
	at com.google.cloud.datastore.emulator.impl.firestore.CloudFirestoreV1.internalCommit(CloudFirestoreV1.java:1336)
	at com.google.cloud.datastore.emulator.impl.firestore.CloudFirestoreV1.write(CloudFirestoreV1.java:1321)
	at com.google.cloud.datastore.emulator.impl.firestore.CloudFirestoreV1WriteStream.handleRequest(CloudFirestoreV1WriteStream.java:222)
	at com.google.cloud.datastore.emulator.impl.firestore.CloudFirestoreV1WriteStream.write(CloudFirestoreV1WriteStream.java:144)
	at com.google.cloud.datastore.emulator.impl.firestore.CloudFirestoreV1WriteStream.onNext(CloudFirestoreV1WriteStream.java:99)
	at com.google.cloud.datastore.emulator.impl.firestore.CloudFirestoreV1WriteStream.onNext(CloudFirestoreV1WriteStream.java:27)
	at io.grpc.stub.ServerCalls$StreamingServerCallHandler$StreamingServerCallListener.onMessage(ServerCalls.java:262)
	at io.grpc.ForwardingServerCallListener.onMessage(ForwardingServerCallListener.java:33)
	at io.grpc.Contexts$ContextualizedServerCallListener.onMessage(Contexts.java:76)
	at io.grpc.ForwardingServerCallListener.onMessage(ForwardingServerCallListener.java:33)
	at io.grpc.Contexts$ContextualizedServerCallListener.onMessage(Contexts.java:76)
	at io.grpc.internal.ServerCallImpl$ServerStreamListenerImpl.messagesAvailableInternal(ServerCallImpl.java:334)
	at io.grpc.internal.ServerCallImpl$ServerStreamListenerImpl.messagesAvailable(ServerCallImpl.java:319)
	at io.grpc.internal.ServerImpl$JumpToApplicationThreadServerStreamListener$1MessagesAvailable.runInContext(ServerImpl.java:852)
	at io.grpc.internal.ContextRunnable.run(ContextRunnable.java:37)
	at io.grpc.internal.SerializingExecutor.run(SerializingExecutor.java:133)
	at java.base/java.util.concurrent.ThreadPoolExecutor.runWorker(ThreadPoolExecutor.java:1144)
	at java.base/java.util.concurrent.ThreadPoolExecutor$Worker.run(ThreadPoolExecutor.java:642)
	at java.base/java.lang.Thread.run(Thread.java:1583)

Sep 15, 2026 6:59:37 PM com.google.cloud.datastore.emulator.impl.util.WrappedStreamObserver onError
WARNING: Operation failed: 
evaluation error at L203:9 for 'update' @ L203, false for 'update' @ L1024, false for 'update' @ L203, false for 'update' @ L1024
com.google.cloud.datastore.core.exception.DatastoreException: 
evaluation error at L203:9 for 'update' @ L203, false for 'update' @ L1024, false for 'update' @ L203, false for 'update' @ L1024
	at com.google.cloud.datastore.core.exception.DatastoreException$Builder.build(DatastoreException.java:152)
	at com.google.cloud.datastore.emulator.impl.rules.DefaultEmulatorRulesAuthorizer.verboseError(DefaultEmulatorRulesAuthorizer.java:349)
	at com.google.cloud.datastore.emulator.impl.rules.DefaultEmulatorRulesAuthorizer.withVerboseErrors(DefaultEmulatorRulesAuthorizer.java:326)
	at com.google.cloud.datastore.emulator.impl.rules.DefaultEmulatorRulesAuthorizer.checkCommit(DefaultEmulatorRulesAuthorizer.java:113)
	at com.google.cloud.datastore.emulator.impl.firestore.FirestoreEmulatorHelper.commitHelper(FirestoreEmulatorHelper.java:407)
	at com.google.cloud.datastore.emulator.impl.firestore.FirestoreEmulatorHelper.internalCommit(FirestoreEmulatorHelper.java:348)
	at com.google.cloud.datastore.emulator.impl.firestore.CloudFirestoreV1.internalCommit(CloudFirestoreV1.java:1336)
	at com.google.cloud.datastore.emulator.impl.firestore.CloudFirestoreV1.write(CloudFirestoreV1.java:1321)
	at com.google.cloud.datastore.emulator.impl.firestore.CloudFirestoreV1WriteStream.handleRequest(CloudFirestoreV1WriteStream.java:222)
	at com.google.cloud.datastore.emulator.impl.firestore.CloudFirestoreV1WriteStream.write(CloudFirestoreV1WriteStream.java:144)
	at com.google.cloud.datastore.emulator.impl.firestore.CloudFirestoreV1WriteStream.onNext(CloudFirestoreV1WriteStream.java:99)
	at com.google.cloud.datastore.emulator.impl.firestore.CloudFirestoreV1WriteStream.onNext(CloudFirestoreV1WriteStream.java:27)
	at io.grpc.stub.ServerCalls$StreamingServerCallHandler$StreamingServerCallListener.onMessage(ServerCalls.java:262)
	at io.grpc.ForwardingServerCallListener.onMessage(ForwardingServerCallListener.java:33)
	at io.grpc.Contexts$ContextualizedServerCallListener.onMessage(Contexts.java:76)
	at io.grpc.ForwardingServerCallListener.onMessage(ForwardingServerCallListener.java:33)
	at io.grpc.Contexts$ContextualizedServerCallListener.onMessage(Contexts.java:76)
	at io.grpc.internal.ServerCallImpl$ServerStreamListenerImpl.messagesAvailableInternal(ServerCallImpl.java:334)
	at io.grpc.internal.ServerCallImpl$ServerStreamListenerImpl.messagesAvailable(ServerCallImpl.java:319)
	at io.grpc.internal.ServerImpl$JumpToApplicationThreadServerStreamListener$1MessagesAvailable.runInContext(ServerImpl.java:852)
	at io.grpc.internal.ContextRunnable.run(ContextRunnable.java:37)
	at io.grpc.internal.SerializingExecutor.run(SerializingExecutor.java:133)
	at java.base/java.util.concurrent.ThreadPoolExecutor.runWorker(ThreadPoolExecutor.java:1144)
	at java.base/java.util.concurrent.ThreadPoolExecutor$Worker.run(ThreadPoolExecutor.java:642)
	at java.base/java.lang.Thread.run(Thread.java:1583)

Sep 15, 2026 6:59:38 PM com.google.cloud.datastore.emulator.impl.util.WrappedStreamObserver onError
WARNING: Operation failed: 
false for 'create' @ L232, false for 'create' @ L1024, false for 'update' @ L232, false for 'update' @ L1024
com.google.cloud.datastore.core.exception.DatastoreException: 
false for 'create' @ L232, false for 'create' @ L1024, false for 'update' @ L232, false for 'update' @ L1024
	at com.google.cloud.datastore.core.exception.DatastoreException$Builder.build(DatastoreException.java:152)
	at com.google.cloud.datastore.emulator.impl.rules.DefaultEmulatorRulesAuthorizer.verboseError(DefaultEmulatorRulesAuthorizer.java:349)
	at com.google.cloud.datastore.emulator.impl.rules.DefaultEmulatorRulesAuthorizer.withVerboseErrors(DefaultEmulatorRulesAuthorizer.java:326)
	at com.google.cloud.datastore.emulator.impl.rules.DefaultEmulatorRulesAuthorizer.checkCommit(DefaultEmulatorRulesAuthorizer.java:113)
	at com.google.cloud.datastore.emulator.impl.firestore.FirestoreEmulatorHelper.commitHelper(FirestoreEmulatorHelper.java:407)
	at com.google.cloud.datastore.emulator.impl.firestore.FirestoreEmulatorHelper.internalCommit(FirestoreEmulatorHelper.java:348)
	at com.google.cloud.datastore.emulator.impl.firestore.CloudFirestoreV1.internalCommit(CloudFirestoreV1.java:1336)
	at com.google.cloud.datastore.emulator.impl.firestore.CloudFirestoreV1.write(CloudFirestoreV1.java:1321)
	at com.google.cloud.datastore.emulator.impl.firestore.CloudFirestoreV1WriteStream.handleRequest(CloudFirestoreV1WriteStream.java:222)
	at com.google.cloud.datastore.emulator.impl.firestore.CloudFirestoreV1WriteStream.write(CloudFirestoreV1WriteStream.java:144)
	at com.google.cloud.datastore.emulator.impl.firestore.CloudFirestoreV1WriteStream.onNext(CloudFirestoreV1WriteStream.java:99)
	at com.google.cloud.datastore.emulator.impl.firestore.CloudFirestoreV1WriteStream.onNext(CloudFirestoreV1WriteStream.java:27)
	at io.grpc.stub.ServerCalls$StreamingServerCallHandler$StreamingServerCallListener.onMessage(ServerCalls.java:262)
	at io.grpc.ForwardingServerCallListener.onMessage(ForwardingServerCallListener.java:33)
	at io.grpc.Contexts$ContextualizedServerCallListener.onMessage(Contexts.java:76)
	at io.grpc.ForwardingServerCallListener.onMessage(ForwardingServerCallListener.java:33)
	at io.grpc.Contexts$ContextualizedServerCallListener.onMessage(Contexts.java:76)
	at io.grpc.internal.ServerCallImpl$ServerStreamListenerImpl.messagesAvailableInternal(ServerCallImpl.java:334)
	at io.grpc.internal.ServerCallImpl$ServerStreamListenerImpl.messagesAvailable(ServerCallImpl.java:319)
	at io.grpc.internal.ServerImpl$JumpToApplicationThreadServerStreamListener$1MessagesAvailable.runInContext(ServerImpl.java:852)
	at io.grpc.internal.ContextRunnable.run(ContextRunnable.java:37)
	at io.grpc.internal.SerializingExecutor.run(SerializingExecutor.java:133)
	at java.base/java.util.concurrent.ThreadPoolExecutor.runWorker(ThreadPoolExecutor.java:1144)
	at java.base/java.util.concurrent.ThreadPoolExecutor$Worker.run(ThreadPoolExecutor.java:642)
	at java.base/java.lang.Thread.run(Thread.java:1583)

Sep 15, 2026 6:59:38 PM com.google.cloud.datastore.emulator.impl.util.WrappedStreamObserver onError
WARNING: Operation failed: 
false for 'create' @ L253, false for 'create' @ L1024, false for 'update' @ L257, false for 'update' @ L1024
com.google.cloud.datastore.core.exception.DatastoreException: 
false for 'create' @ L253, false for 'create' @ L1024, false for 'update' @ L257, false for 'update' @ L1024
	at com.google.cloud.datastore.core.exception.DatastoreException$Builder.build(DatastoreException.java:152)
	at com.google.cloud.datastore.emulator.impl.rules.DefaultEmulatorRulesAuthorizer.verboseError(DefaultEmulatorRulesAuthorizer.java:349)
	at com.google.cloud.datastore.emulator.impl.rules.DefaultEmulatorRulesAuthorizer.withVerboseErrors(DefaultEmulatorRulesAuthorizer.java:326)
	at com.google.cloud.datastore.emulator.impl.rules.DefaultEmulatorRulesAuthorizer.checkCommit(DefaultEmulatorRulesAuthorizer.java:113)
	at com.google.cloud.datastore.emulator.impl.firestore.FirestoreEmulatorHelper.commitHelper(FirestoreEmulatorHelper.java:407)
	at com.google.cloud.datastore.emulator.impl.firestore.FirestoreEmulatorHelper.internalCommit(FirestoreEmulatorHelper.java:348)
	at com.google.cloud.datastore.emulator.impl.firestore.CloudFirestoreV1.internalCommit(CloudFirestoreV1.java:1336)
	at com.google.cloud.datastore.emulator.impl.firestore.CloudFirestoreV1.write(CloudFirestoreV1.java:1321)
	at com.google.cloud.datastore.emulator.impl.firestore.CloudFirestoreV1WriteStream.handleRequest(CloudFirestoreV1WriteStream.java:222)
	at com.google.cloud.datastore.emulator.impl.firestore.CloudFirestoreV1WriteStream.write(CloudFirestoreV1WriteStream.java:144)
	at com.google.cloud.datastore.emulator.impl.firestore.CloudFirestoreV1WriteStream.onNext(CloudFirestoreV1WriteStream.java:99)
	at com.google.cloud.datastore.emulator.impl.firestore.CloudFirestoreV1WriteStream.onNext(CloudFirestoreV1WriteStream.java:27)
	at io.grpc.stub.ServerCalls$StreamingServerCallHandler$StreamingServerCallListener.onMessage(ServerCalls.java:262)
	at io.grpc.ForwardingServerCallListener.onMessage(ForwardingServerCallListener.java:33)
	at io.grpc.Contexts$ContextualizedServerCallListener.onMessage(Contexts.java:76)
	at io.grpc.ForwardingServerCallListener.onMessage(ForwardingServerCallListener.java:33)
	at io.grpc.Contexts$ContextualizedServerCallListener.onMessage(Contexts.java:76)
	at io.grpc.internal.ServerCallImpl$ServerStreamListenerImpl.messagesAvailableInternal(ServerCallImpl.java:334)
	at io.grpc.internal.ServerCallImpl$ServerStreamListenerImpl.messagesAvailable(ServerCallImpl.java:319)
	at io.grpc.internal.ServerImpl$JumpToApplicationThreadServerStreamListener$1MessagesAvailable.runInContext(ServerImpl.java:852)
	at io.grpc.internal.ContextRunnable.run(ContextRunnable.java:37)
	at io.grpc.internal.SerializingExecutor.run(SerializingExecutor.java:133)
	at java.base/java.util.concurrent.ThreadPoolExecutor.runWorker(ThreadPoolExecutor.java:1144)
	at java.base/java.util.concurrent.ThreadPoolExecutor$Worker.run(ThreadPoolExecutor.java:642)
	at java.base/java.lang.Thread.run(Thread.java:1583)

Sep 15, 2026 6:59:38 PM com.google.cloud.datastore.emulator.impl.util.WrappedStreamObserver onError
WARNING: Operation failed: 
false for 'create' @ L400, false for 'create' @ L1024, false for 'update' @ L400, false for 'update' @ L1024
com.google.cloud.datastore.core.exception.DatastoreException: 
false for 'create' @ L400, false for 'create' @ L1024, false for 'update' @ L400, false for 'update' @ L1024
	at com.google.cloud.datastore.core.exception.DatastoreException$Builder.build(DatastoreException.java:152)
	at com.google.cloud.datastore.emulator.impl.rules.DefaultEmulatorRulesAuthorizer.verboseError(DefaultEmulatorRulesAuthorizer.java:349)
	at com.google.cloud.datastore.emulator.impl.rules.DefaultEmulatorRulesAuthorizer.withVerboseErrors(DefaultEmulatorRulesAuthorizer.java:326)
	at com.google.cloud.datastore.emulator.impl.rules.DefaultEmulatorRulesAuthorizer.checkCommit(DefaultEmulatorRulesAuthorizer.java:113)
	at com.google.cloud.datastore.emulator.impl.firestore.FirestoreEmulatorHelper.commitHelper(FirestoreEmulatorHelper.java:407)
	at com.google.cloud.datastore.emulator.impl.firestore.FirestoreEmulatorHelper.internalCommit(FirestoreEmulatorHelper.java:348)
	at com.google.cloud.datastore.emulator.impl.firestore.CloudFirestoreV1.internalCommit(CloudFirestoreV1.java:1336)
	at com.google.cloud.datastore.emulator.impl.firestore.CloudFirestoreV1.write(CloudFirestoreV1.java:1321)
	at com.google.cloud.datastore.emulator.impl.firestore.CloudFirestoreV1WriteStream.handleRequest(CloudFirestoreV1WriteStream.java:222)
	at com.google.cloud.datastore.emulator.impl.firestore.CloudFirestoreV1WriteStream.write(CloudFirestoreV1WriteStream.java:144)
	at com.google.cloud.datastore.emulator.impl.firestore.CloudFirestoreV1WriteStream.onNext(CloudFirestoreV1WriteStream.java:99)
	at com.google.cloud.datastore.emulator.impl.firestore.CloudFirestoreV1WriteStream.onNext(CloudFirestoreV1WriteStream.java:27)
	at io.grpc.stub.ServerCalls$StreamingServerCallHandler$StreamingServerCallListener.onMessage(ServerCalls.java:262)
	at io.grpc.ForwardingServerCallListener.onMessage(ForwardingServerCallListener.java:33)
	at io.grpc.Contexts$ContextualizedServerCallListener.onMessage(Contexts.java:76)
	at io.grpc.ForwardingServerCallListener.onMessage(ForwardingServerCallListener.java:33)
	at io.grpc.Contexts$ContextualizedServerCallListener.onMessage(Contexts.java:76)
	at io.grpc.internal.ServerCallImpl$ServerStreamListenerImpl.messagesAvailableInternal(ServerCallImpl.java:334)
	at io.grpc.internal.ServerCallImpl$ServerStreamListenerImpl.messagesAvailable(ServerCallImpl.java:319)
	at io.grpc.internal.ServerImpl$JumpToApplicationThreadServerStreamListener$1MessagesAvailable.runInContext(ServerImpl.java:852)
	at io.grpc.internal.ContextRunnable.run(ContextRunnable.java:37)
	at io.grpc.internal.SerializingExecutor.run(SerializingExecutor.java:133)
	at java.base/java.util.concurrent.ThreadPoolExecutor.runWorker(ThreadPoolExecutor.java:1144)
	at java.base/java.util.concurrent.ThreadPoolExecutor$Worker.run(ThreadPoolExecutor.java:642)
	at java.base/java.lang.Thread.run(Thread.java:1583)

Sep 15, 2026 6:59:38 PM com.google.cloud.datastore.emulator.impl.util.WrappedStreamObserver onError
WARNING: Operation failed: 
false for 'create' @ L400, false for 'create' @ L1024, false for 'update' @ L400, false for 'update' @ L1024
com.google.cloud.datastore.core.exception.DatastoreException: 
false for 'create' @ L400, false for 'create' @ L1024, false for 'update' @ L400, false for 'update' @ L1024
	at com.google.cloud.datastore.core.exception.DatastoreException$Builder.build(DatastoreException.java:152)
	at com.google.cloud.datastore.emulator.impl.rules.DefaultEmulatorRulesAuthorizer.verboseError(DefaultEmulatorRulesAuthorizer.java:349)
	at com.google.cloud.datastore.emulator.impl.rules.DefaultEmulatorRulesAuthorizer.withVerboseErrors(DefaultEmulatorRulesAuthorizer.java:326)
	at com.google.cloud.datastore.emulator.impl.rules.DefaultEmulatorRulesAuthorizer.checkCommit(DefaultEmulatorRulesAuthorizer.java:113)
	at com.google.cloud.datastore.emulator.impl.firestore.FirestoreEmulatorHelper.commitHelper(FirestoreEmulatorHelper.java:407)
	at com.google.cloud.datastore.emulator.impl.firestore.FirestoreEmulatorHelper.internalCommit(FirestoreEmulatorHelper.java:348)
	at com.google.cloud.datastore.emulator.impl.firestore.CloudFirestoreV1.internalCommit(CloudFirestoreV1.java:1336)
	at com.google.cloud.datastore.emulator.impl.firestore.CloudFirestoreV1.write(CloudFirestoreV1.java:1321)
	at com.google.cloud.datastore.emulator.impl.firestore.CloudFirestoreV1WriteStream.handleRequest(CloudFirestoreV1WriteStream.java:222)
	at com.google.cloud.datastore.emulator.impl.firestore.CloudFirestoreV1WriteStream.write(CloudFirestoreV1WriteStream.java:144)
	at com.google.cloud.datastore.emulator.impl.firestore.CloudFirestoreV1WriteStream.onNext(CloudFirestoreV1WriteStream.java:99)
	at com.google.cloud.datastore.emulator.impl.firestore.CloudFirestoreV1WriteStream.onNext(CloudFirestoreV1WriteStream.java:27)
	at io.grpc.stub.ServerCalls$StreamingServerCallHandler$StreamingServerCallListener.onMessage(ServerCalls.java:262)
	at io.grpc.ForwardingServerCallListener.onMessage(ForwardingServerCallListener.java:33)
	at io.grpc.Contexts$ContextualizedServerCallListener.onMessage(Contexts.java:76)
	at io.grpc.ForwardingServerCallListener.onMessage(ForwardingServerCallListener.java:33)
	at io.grpc.Contexts$ContextualizedServerCallListener.onMessage(Contexts.java:76)
	at io.grpc.internal.ServerCallImpl$ServerStreamListenerImpl.messagesAvailableInternal(ServerCallImpl.java:334)
	at io.grpc.internal.ServerCallImpl$ServerStreamListenerImpl.messagesAvailable(ServerCallImpl.java:319)
	at io.grpc.internal.ServerImpl$JumpToApplicationThreadServerStreamListener$1MessagesAvailable.runInContext(ServerImpl.java:852)
	at io.grpc.internal.ContextRunnable.run(ContextRunnable.java:37)
	at io.grpc.internal.SerializingExecutor.run(SerializingExecutor.java:133)
	at java.base/java.util.concurrent.ThreadPoolExecutor.runWorker(ThreadPoolExecutor.java:1144)
	at java.base/java.util.concurrent.ThreadPoolExecutor$Worker.run(ThreadPoolExecutor.java:642)
	at java.base/java.lang.Thread.run(Thread.java:1583)

Sep 15, 2026 6:59:39 PM io.gapi.emulators.netty.HttpVersionRoutingHandler channelRead
INFO: Detected non-HTTP/2 connection.
Sep 15, 2026 6:59:40 PM io.gapi.emulators.netty.HttpVersionRoutingHandler channelRead
INFO: Detected non-HTTP/2 connection.
Sep 15, 2026 6:59:41 PM io.gapi.emulators.netty.HttpVersionRoutingHandler channelRead
INFO: Detected HTTP/2 connection.
Sep 15, 2026 6:59:41 PM io.gapi.emulators.netty.HttpVersionRoutingHandler channelRead
INFO: Detected HTTP/2 connection.
Sep 15, 2026 6:59:41 PM com.google.cloud.datastore.emulator.impl.util.WrappedStreamObserver onError
WARNING: Operation failed: 
evaluation error at L589:24 for 'create' @ L589, false for 'create' @ L1024, evaluation error at L602:9 for 'update' @ L602, false for 'update' @ L1024, false for 'create' @ L589, false for 'create' @ L1024
com.google.cloud.datastore.core.exception.DatastoreException: 
evaluation error at L589:24 for 'create' @ L589, false for 'create' @ L1024, evaluation error at L602:9 for 'update' @ L602, false for 'update' @ L1024, false for 'create' @ L589, false for 'create' @ L1024
	at com.google.cloud.datastore.core.exception.DatastoreException$Builder.build(DatastoreException.java:152)
	at com.google.cloud.datastore.emulator.impl.rules.DefaultEmulatorRulesAuthorizer.verboseError(DefaultEmulatorRulesAuthorizer.java:349)
	at com.google.cloud.datastore.emulator.impl.rules.DefaultEmulatorRulesAuthorizer.withVerboseErrors(DefaultEmulatorRulesAuthorizer.java:326)
	at com.google.cloud.datastore.emulator.impl.rules.DefaultEmulatorRulesAuthorizer.checkCommit(DefaultEmulatorRulesAuthorizer.java:113)
	at com.google.cloud.datastore.emulator.impl.firestore.FirestoreEmulatorHelper.commitHelper(FirestoreEmulatorHelper.java:407)
	at com.google.cloud.datastore.emulator.impl.firestore.FirestoreEmulatorHelper.internalCommit(FirestoreEmulatorHelper.java:348)
	at com.google.cloud.datastore.emulator.impl.firestore.CloudFirestoreV1.internalCommit(CloudFirestoreV1.java:1336)
	at com.google.cloud.datastore.emulator.impl.firestore.CloudFirestoreV1.write(CloudFirestoreV1.java:1321)
	at com.google.cloud.datastore.emulator.impl.firestore.CloudFirestoreV1WriteStream.handleRequest(CloudFirestoreV1WriteStream.java:222)
	at com.google.cloud.datastore.emulator.impl.firestore.CloudFirestoreV1WriteStream.write(CloudFirestoreV1WriteStream.java:144)
	at com.google.cloud.datastore.emulator.impl.firestore.CloudFirestoreV1WriteStream.onNext(CloudFirestoreV1WriteStream.java:99)
	at com.google.cloud.datastore.emulator.impl.firestore.CloudFirestoreV1WriteStream.onNext(CloudFirestoreV1WriteStream.java:27)
	at io.grpc.stub.ServerCalls$StreamingServerCallHandler$StreamingServerCallListener.onMessage(ServerCalls.java:262)
	at io.grpc.ForwardingServerCallListener.onMessage(ForwardingServerCallListener.java:33)
	at io.grpc.Contexts$ContextualizedServerCallListener.onMessage(Contexts.java:76)
	at io.grpc.ForwardingServerCallListener.onMessage(ForwardingServerCallListener.java:33)
	at io.grpc.Contexts$ContextualizedServerCallListener.onMessage(Contexts.java:76)
	at io.grpc.internal.ServerCallImpl$ServerStreamListenerImpl.messagesAvailableInternal(ServerCallImpl.java:334)
	at io.grpc.internal.ServerCallImpl$ServerStreamListenerImpl.messagesAvailable(ServerCallImpl.java:319)
	at io.grpc.internal.ServerImpl$JumpToApplicationThreadServerStreamListener$1MessagesAvailable.runInContext(ServerImpl.java:852)
	at io.grpc.internal.ContextRunnable.run(ContextRunnable.java:37)
	at io.grpc.internal.SerializingExecutor.run(SerializingExecutor.java:133)
	at java.base/java.util.concurrent.ThreadPoolExecutor.runWorker(ThreadPoolExecutor.java:1144)
	at java.base/java.util.concurrent.ThreadPoolExecutor$Worker.run(ThreadPoolExecutor.java:642)
	at java.base/java.lang.Thread.run(Thread.java:1583)

Sep 15, 2026 6:59:42 PM com.google.cloud.datastore.emulator.impl.util.WrappedStreamObserver onError
WARNING: Operation failed: 
evaluation error at L465:9 for 'update' @ L465, false for 'update' @ L1024, false for 'update' @ L465, false for 'update' @ L1024
com.google.cloud.datastore.core.exception.DatastoreException: 
evaluation error at L465:9 for 'update' @ L465, false for 'update' @ L1024, false for 'update' @ L465, false for 'update' @ L1024
	at com.google.cloud.datastore.core.exception.DatastoreException$Builder.build(DatastoreException.java:152)
	at com.google.cloud.datastore.emulator.impl.rules.DefaultEmulatorRulesAuthorizer.verboseError(DefaultEmulatorRulesAuthorizer.java:349)
	at com.google.cloud.datastore.emulator.impl.rules.DefaultEmulatorRulesAuthorizer.withVerboseErrors(DefaultEmulatorRulesAuthorizer.java:326)
	at com.google.cloud.datastore.emulator.impl.rules.DefaultEmulatorRulesAuthorizer.checkCommit(DefaultEmulatorRulesAuthorizer.java:113)
	at com.google.cloud.datastore.emulator.impl.firestore.FirestoreEmulatorHelper.commitHelper(FirestoreEmulatorHelper.java:407)
	at com.google.cloud.datastore.emulator.impl.firestore.FirestoreEmulatorHelper.internalCommit(FirestoreEmulatorHelper.java:348)
	at com.google.cloud.datastore.emulator.impl.firestore.CloudFirestoreV1.internalCommit(CloudFirestoreV1.java:1336)
	at com.google.cloud.datastore.emulator.impl.firestore.CloudFirestoreV1.write(CloudFirestoreV1.java:1321)
	at com.google.cloud.datastore.emulator.impl.firestore.CloudFirestoreV1WriteStream.handleRequest(CloudFirestoreV1WriteStream.java:222)
	at com.google.cloud.datastore.emulator.impl.firestore.CloudFirestoreV1WriteStream.write(CloudFirestoreV1WriteStream.java:144)
	at com.google.cloud.datastore.emulator.impl.firestore.CloudFirestoreV1WriteStream.onNext(CloudFirestoreV1WriteStream.java:99)
	at com.google.cloud.datastore.emulator.impl.firestore.CloudFirestoreV1WriteStream.onNext(CloudFirestoreV1WriteStream.java:27)
	at io.grpc.stub.ServerCalls$StreamingServerCallHandler$StreamingServerCallListener.onMessage(ServerCalls.java:262)
	at io.grpc.ForwardingServerCallListener.onMessage(ForwardingServerCallListener.java:33)
	at io.grpc.Contexts$ContextualizedServerCallListener.onMessage(Contexts.java:76)
	at io.grpc.ForwardingServerCallListener.onMessage(ForwardingServerCallListener.java:33)
	at io.grpc.Contexts$ContextualizedServerCallListener.onMessage(Contexts.java:76)
	at io.grpc.internal.ServerCallImpl$ServerStreamListenerImpl.messagesAvailableInternal(ServerCallImpl.java:334)
	at io.grpc.internal.ServerCallImpl$ServerStreamListenerImpl.messagesAvailable(ServerCallImpl.java:319)
	at io.grpc.internal.ServerImpl$JumpToApplicationThreadServerStreamListener$1MessagesAvailable.runInContext(ServerImpl.java:852)
	at io.grpc.internal.ContextRunnable.run(ContextRunnable.java:37)
	at io.grpc.internal.SerializingExecutor.run(SerializingExecutor.java:133)
	at java.base/java.util.concurrent.ThreadPoolExecutor.runWorker(ThreadPoolExecutor.java:1144)
	at java.base/java.util.concurrent.ThreadPoolExecutor$Worker.run(ThreadPoolExecutor.java:642)
	at java.base/java.lang.Thread.run(Thread.java:1583)

Sep 15, 2026 6:59:42 PM com.google.cloud.datastore.emulator.impl.util.WrappedStreamObserver onError
WARNING: Operation failed: 
evaluation error at L589:24 for 'create' @ L589, false for 'create' @ L1024, evaluation error at L602:9 for 'update' @ L602, false for 'update' @ L1024, evaluation error at L465:9 for 'update' @ L465, false for 'update' @ L1024, false for 'update' @ L465, false for 'update' @ L1024
com.google.cloud.datastore.core.exception.DatastoreException: 
evaluation error at L589:24 for 'create' @ L589, false for 'create' @ L1024, evaluation error at L602:9 for 'update' @ L602, false for 'update' @ L1024, evaluation error at L465:9 for 'update' @ L465, false for 'update' @ L1024, false for 'update' @ L465, false for 'update' @ L1024
	at com.google.cloud.datastore.core.exception.DatastoreException$Builder.build(DatastoreException.java:152)
	at com.google.cloud.datastore.emulator.impl.rules.DefaultEmulatorRulesAuthorizer.verboseError(DefaultEmulatorRulesAuthorizer.java:349)
	at com.google.cloud.datastore.emulator.impl.rules.DefaultEmulatorRulesAuthorizer.withVerboseErrors(DefaultEmulatorRulesAuthorizer.java:326)
	at com.google.cloud.datastore.emulator.impl.rules.DefaultEmulatorRulesAuthorizer.checkCommit(DefaultEmulatorRulesAuthorizer.java:113)
	at com.google.cloud.datastore.emulator.impl.firestore.FirestoreEmulatorHelper.commitHelper(FirestoreEmulatorHelper.java:407)
	at com.google.cloud.datastore.emulator.impl.firestore.FirestoreEmulatorHelper.internalCommit(FirestoreEmulatorHelper.java:348)
	at com.google.cloud.datastore.emulator.impl.firestore.CloudFirestoreV1.internalCommit(CloudFirestoreV1.java:1336)
	at com.google.cloud.datastore.emulator.impl.firestore.CloudFirestoreV1.write(CloudFirestoreV1.java:1321)
	at com.google.cloud.datastore.emulator.impl.firestore.CloudFirestoreV1WriteStream.handleRequest(CloudFirestoreV1WriteStream.java:222)
	at com.google.cloud.datastore.emulator.impl.firestore.CloudFirestoreV1WriteStream.write(CloudFirestoreV1WriteStream.java:144)
	at com.google.cloud.datastore.emulator.impl.firestore.CloudFirestoreV1WriteStream.onNext(CloudFirestoreV1WriteStream.java:99)
	at com.google.cloud.datastore.emulator.impl.firestore.CloudFirestoreV1WriteStream.onNext(CloudFirestoreV1WriteStream.java:27)
	at io.grpc.stub.ServerCalls$StreamingServerCallHandler$StreamingServerCallListener.onMessage(ServerCalls.java:262)
	at io.grpc.ForwardingServerCallListener.onMessage(ForwardingServerCallListener.java:33)
	at io.grpc.Contexts$ContextualizedServerCallListener.onMessage(Contexts.java:76)
	at io.grpc.ForwardingServerCallListener.onMessage(ForwardingServerCallListener.java:33)
	at io.grpc.Contexts$ContextualizedServerCallListener.onMessage(Contexts.java:76)
	at io.grpc.internal.ServerCallImpl$ServerStreamListenerImpl.messagesAvailableInternal(ServerCallImpl.java:334)
	at io.grpc.internal.ServerCallImpl$ServerStreamListenerImpl.messagesAvailable(ServerCallImpl.java:319)
	at io.grpc.internal.ServerImpl$JumpToApplicationThreadServerStreamListener$1MessagesAvailable.runInContext(ServerImpl.java:852)
	at io.grpc.internal.ContextRunnable.run(ContextRunnable.java:37)
	at io.grpc.internal.SerializingExecutor.run(SerializingExecutor.java:133)
	at java.base/java.util.concurrent.ThreadPoolExecutor.runWorker(ThreadPoolExecutor.java:1144)
	at java.base/java.util.concurrent.ThreadPoolExecutor$Worker.run(ThreadPoolExecutor.java:642)
	at java.base/java.lang.Thread.run(Thread.java:1583)

Sep 15, 2026 6:59:42 PM com.google.cloud.datastore.emulator.impl.util.WrappedStreamObserver onError
WARNING: Operation failed: 
false for 'create' @ L589, false for 'create' @ L1024, evaluation error at L602:9 for 'update' @ L602, false for 'update' @ L1024, evaluation error at L465:9 for 'update' @ L465, false for 'update' @ L1024, false for 'update' @ L465, false for 'update' @ L1024, false for 'create' @ L589, false for 'create' @ L1024
com.google.cloud.datastore.core.exception.DatastoreException: 
false for 'create' @ L589, false for 'create' @ L1024, evaluation error at L602:9 for 'update' @ L602, false for 'update' @ L1024, evaluation error at L465:9 for 'update' @ L465, false for 'update' @ L1024, false for 'update' @ L465, false for 'update' @ L1024, false for 'create' @ L589, false for 'create' @ L1024
	at com.google.cloud.datastore.core.exception.DatastoreException$Builder.build(DatastoreException.java:152)
	at com.google.cloud.datastore.emulator.impl.rules.DefaultEmulatorRulesAuthorizer.verboseError(DefaultEmulatorRulesAuthorizer.java:349)
	at com.google.cloud.datastore.emulator.impl.rules.DefaultEmulatorRulesAuthorizer.withVerboseErrors(DefaultEmulatorRulesAuthorizer.java:326)
	at com.google.cloud.datastore.emulator.impl.rules.DefaultEmulatorRulesAuthorizer.checkCommit(DefaultEmulatorRulesAuthorizer.java:113)
	at com.google.cloud.datastore.emulator.impl.firestore.FirestoreEmulatorHelper.commitHelper(FirestoreEmulatorHelper.java:407)
	at com.google.cloud.datastore.emulator.impl.firestore.FirestoreEmulatorHelper.internalCommit(FirestoreEmulatorHelper.java:348)
	at com.google.cloud.datastore.emulator.impl.firestore.CloudFirestoreV1.internalCommit(CloudFirestoreV1.java:1336)
	at com.google.cloud.datastore.emulator.impl.firestore.CloudFirestoreV1.write(CloudFirestoreV1.java:1321)
	at com.google.cloud.datastore.emulator.impl.firestore.CloudFirestoreV1WriteStream.handleRequest(CloudFirestoreV1WriteStream.java:222)
	at com.google.cloud.datastore.emulator.impl.firestore.CloudFirestoreV1WriteStream.write(CloudFirestoreV1WriteStream.java:144)
	at com.google.cloud.datastore.emulator.impl.firestore.CloudFirestoreV1WriteStream.onNext(CloudFirestoreV1WriteStream.java:99)
	at com.google.cloud.datastore.emulator.impl.firestore.CloudFirestoreV1WriteStream.onNext(CloudFirestoreV1WriteStream.java:27)
	at io.grpc.stub.ServerCalls$StreamingServerCallHandler$StreamingServerCallListener.onMessage(ServerCalls.java:262)
	at io.grpc.ForwardingServerCallListener.onMessage(ForwardingServerCallListener.java:33)
	at io.grpc.Contexts$ContextualizedServerCallListener.onMessage(Contexts.java:76)
	at io.grpc.ForwardingServerCallListener.onMessage(ForwardingServerCallListener.java:33)
	at io.grpc.Contexts$ContextualizedServerCallListener.onMessage(Contexts.java:76)
	at io.grpc.internal.ServerCallImpl$ServerStreamListenerImpl.messagesAvailableInternal(ServerCallImpl.java:334)
	at io.grpc.internal.ServerCallImpl$ServerStreamListenerImpl.messagesAvailable(ServerCallImpl.java:319)
	at io.grpc.internal.ServerImpl$JumpToApplicationThreadServerStreamListener$1MessagesAvailable.runInContext(ServerImpl.java:852)
	at io.grpc.internal.ContextRunnable.run(ContextRunnable.java:37)
	at io.grpc.internal.SerializingExecutor.run(SerializingExecutor.java:133)
	at java.base/java.util.concurrent.ThreadPoolExecutor.runWorker(ThreadPoolExecutor.java:1144)
	at java.base/java.util.concurrent.ThreadPoolExecutor$Worker.run(ThreadPoolExecutor.java:642)
	at java.base/java.lang.Thread.run(Thread.java:1583)

Sep 15, 2026 6:59:42 PM com.google.cloud.datastore.emulator.impl.util.WrappedStreamObserver onError
WARNING: Operation failed: 
evaluation error at L589:24 for 'create' @ L589, false for 'create' @ L1024, evaluation error at L602:9 for 'update' @ L602, false for 'update' @ L1024, evaluation error at L465:9 for 'update' @ L465, false for 'update' @ L1024, false for 'update' @ L465, false for 'update' @ L1024
com.google.cloud.datastore.core.exception.DatastoreException: 
evaluation error at L589:24 for 'create' @ L589, false for 'create' @ L1024, evaluation error at L602:9 for 'update' @ L602, false for 'update' @ L1024, evaluation error at L465:9 for 'update' @ L465, false for 'update' @ L1024, false for 'update' @ L465, false for 'update' @ L1024
	at com.google.cloud.datastore.core.exception.DatastoreException$Builder.build(DatastoreException.java:152)
	at com.google.cloud.datastore.emulator.impl.rules.DefaultEmulatorRulesAuthorizer.verboseError(DefaultEmulatorRulesAuthorizer.java:349)
	at com.google.cloud.datastore.emulator.impl.rules.DefaultEmulatorRulesAuthorizer.withVerboseErrors(DefaultEmulatorRulesAuthorizer.java:326)
	at com.google.cloud.datastore.emulator.impl.rules.DefaultEmulatorRulesAuthorizer.checkCommit(DefaultEmulatorRulesAuthorizer.java:113)
	at com.google.cloud.datastore.emulator.impl.firestore.FirestoreEmulatorHelper.commitHelper(FirestoreEmulatorHelper.java:407)
	at com.google.cloud.datastore.emulator.impl.firestore.FirestoreEmulatorHelper.internalCommit(FirestoreEmulatorHelper.java:348)
	at com.google.cloud.datastore.emulator.impl.firestore.CloudFirestoreV1.internalCommit(CloudFirestoreV1.java:1336)
	at com.google.cloud.datastore.emulator.impl.firestore.CloudFirestoreV1.write(CloudFirestoreV1.java:1321)
	at com.google.cloud.datastore.emulator.impl.firestore.CloudFirestoreV1WriteStream.handleRequest(CloudFirestoreV1WriteStream.java:222)
	at com.google.cloud.datastore.emulator.impl.firestore.CloudFirestoreV1WriteStream.write(CloudFirestoreV1WriteStream.java:144)
	at com.google.cloud.datastore.emulator.impl.firestore.CloudFirestoreV1WriteStream.onNext(CloudFirestoreV1WriteStream.java:99)
	at com.google.cloud.datastore.emulator.impl.firestore.CloudFirestoreV1WriteStream.onNext(CloudFirestoreV1WriteStream.java:27)
	at io.grpc.stub.ServerCalls$StreamingServerCallHandler$StreamingServerCallListener.onMessage(ServerCalls.java:262)
	at io.grpc.ForwardingServerCallListener.onMessage(ForwardingServerCallListener.java:33)
	at io.grpc.Contexts$ContextualizedServerCallListener.onMessage(Contexts.java:76)
	at io.grpc.ForwardingServerCallListener.onMessage(ForwardingServerCallListener.java:33)
	at io.grpc.Contexts$ContextualizedServerCallListener.onMessage(Contexts.java:76)
	at io.grpc.internal.ServerCallImpl$ServerStreamListenerImpl.messagesAvailableInternal(ServerCallImpl.java:334)
	at io.grpc.internal.ServerCallImpl$ServerStreamListenerImpl.messagesAvailable(ServerCallImpl.java:319)
	at io.grpc.internal.ServerImpl$JumpToApplicationThreadServerStreamListener$1MessagesAvailable.runInContext(ServerImpl.java:852)
	at io.grpc.internal.ContextRunnable.run(ContextRunnable.java:37)
	at io.grpc.internal.SerializingExecutor.run(SerializingExecutor.java:133)
	at java.base/java.util.concurrent.ThreadPoolExecutor.runWorker(ThreadPoolExecutor.java:1144)
	at java.base/java.util.concurrent.ThreadPoolExecutor$Worker.run(ThreadPoolExecutor.java:642)
	at java.base/java.lang.Thread.run(Thread.java:1583)

Sep 15, 2026 6:59:42 PM com.google.cloud.datastore.emulator.impl.util.WrappedStreamObserver onError
WARNING: Operation failed: 
evaluation error at L589:24 for 'create' @ L589, false for 'create' @ L1024, evaluation error at L602:9 for 'update' @ L602, false for 'update' @ L1024, evaluation error at L465:9 for 'update' @ L465, false for 'update' @ L1024, false for 'update' @ L465, false for 'update' @ L1024, false for 'create' @ L589, false for 'create' @ L1024
com.google.cloud.datastore.core.exception.DatastoreException: 
evaluation error at L589:24 for 'create' @ L589, false for 'create' @ L1024, evaluation error at L602:9 for 'update' @ L602, false for 'update' @ L1024, evaluation error at L465:9 for 'update' @ L465, false for 'update' @ L1024, false for 'update' @ L465, false for 'update' @ L1024, false for 'create' @ L589, false for 'create' @ L1024
	at com.google.cloud.datastore.core.exception.DatastoreException$Builder.build(DatastoreException.java:152)
	at com.google.cloud.datastore.emulator.impl.rules.DefaultEmulatorRulesAuthorizer.verboseError(DefaultEmulatorRulesAuthorizer.java:349)
	at com.google.cloud.datastore.emulator.impl.rules.DefaultEmulatorRulesAuthorizer.withVerboseErrors(DefaultEmulatorRulesAuthorizer.java:326)
	at com.google.cloud.datastore.emulator.impl.rules.DefaultEmulatorRulesAuthorizer.checkCommit(DefaultEmulatorRulesAuthorizer.java:113)
	at com.google.cloud.datastore.emulator.impl.firestore.FirestoreEmulatorHelper.commitHelper(FirestoreEmulatorHelper.java:407)
	at com.google.cloud.datastore.emulator.impl.firestore.FirestoreEmulatorHelper.internalCommit(FirestoreEmulatorHelper.java:348)
	at com.google.cloud.datastore.emulator.impl.firestore.CloudFirestoreV1.internalCommit(CloudFirestoreV1.java:1336)
	at com.google.cloud.datastore.emulator.impl.firestore.CloudFirestoreV1.write(CloudFirestoreV1.java:1321)
	at com.google.cloud.datastore.emulator.impl.firestore.CloudFirestoreV1WriteStream.handleRequest(CloudFirestoreV1WriteStream.java:222)
	at com.google.cloud.datastore.emulator.impl.firestore.CloudFirestoreV1WriteStream.write(CloudFirestoreV1WriteStream.java:144)
	at com.google.cloud.datastore.emulator.impl.firestore.CloudFirestoreV1WriteStream.onNext(CloudFirestoreV1WriteStream.java:99)
	at com.google.cloud.datastore.emulator.impl.firestore.CloudFirestoreV1WriteStream.onNext(CloudFirestoreV1WriteStream.java:27)
	at io.grpc.stub.ServerCalls$StreamingServerCallHandler$StreamingServerCallListener.onMessage(ServerCalls.java:262)
	at io.grpc.ForwardingServerCallListener.onMessage(ForwardingServerCallListener.java:33)
	at io.grpc.Contexts$ContextualizedServerCallListener.onMessage(Contexts.java:76)
	at io.grpc.ForwardingServerCallListener.onMessage(ForwardingServerCallListener.java:33)
	at io.grpc.Contexts$ContextualizedServerCallListener.onMessage(Contexts.java:76)
	at io.grpc.internal.ServerCallImpl$ServerStreamListenerImpl.messagesAvailableInternal(ServerCallImpl.java:334)
	at io.grpc.internal.ServerCallImpl$ServerStreamListenerImpl.messagesAvailable(ServerCallImpl.java:319)
	at io.grpc.internal.ServerImpl$JumpToApplicationThreadServerStreamListener$1MessagesAvailable.runInContext(ServerImpl.java:852)
	at io.grpc.internal.ContextRunnable.run(ContextRunnable.java:37)
	at io.grpc.internal.SerializingExecutor.run(SerializingExecutor.java:133)
	at java.base/java.util.concurrent.ThreadPoolExecutor.runWorker(ThreadPoolExecutor.java:1144)
	at java.base/java.util.concurrent.ThreadPoolExecutor$Worker.run(ThreadPoolExecutor.java:642)
	at java.base/java.lang.Thread.run(Thread.java:1583)

Sep 15, 2026 6:59:43 PM com.google.cloud.datastore.emulator.impl.util.WrappedStreamObserver onError
WARNING: Operation failed: 
evaluation error at L589:24 for 'create' @ L589, false for 'create' @ L1024, evaluation error at L602:9 for 'update' @ L602, false for 'update' @ L1024, evaluation error at L465:9 for 'update' @ L465, false for 'update' @ L1024, false for 'update' @ L465, false for 'update' @ L1024, false for 'create' @ L589, false for 'create' @ L1024
com.google.cloud.datastore.core.exception.DatastoreException: 
evaluation error at L589:24 for 'create' @ L589, false for 'create' @ L1024, evaluation error at L602:9 for 'update' @ L602, false for 'update' @ L1024, evaluation error at L465:9 for 'update' @ L465, false for 'update' @ L1024, false for 'update' @ L465, false for 'update' @ L1024, false for 'create' @ L589, false for 'create' @ L1024
	at com.google.cloud.datastore.core.exception.DatastoreException$Builder.build(DatastoreException.java:152)
	at com.google.cloud.datastore.emulator.impl.rules.DefaultEmulatorRulesAuthorizer.verboseError(DefaultEmulatorRulesAuthorizer.java:349)
	at com.google.cloud.datastore.emulator.impl.rules.DefaultEmulatorRulesAuthorizer.withVerboseErrors(DefaultEmulatorRulesAuthorizer.java:326)
	at com.google.cloud.datastore.emulator.impl.rules.DefaultEmulatorRulesAuthorizer.checkCommit(DefaultEmulatorRulesAuthorizer.java:113)
	at com.google.cloud.datastore.emulator.impl.firestore.FirestoreEmulatorHelper.commitHelper(FirestoreEmulatorHelper.java:407)
	at com.google.cloud.datastore.emulator.impl.firestore.FirestoreEmulatorHelper.internalCommit(FirestoreEmulatorHelper.java:348)
	at com.google.cloud.datastore.emulator.impl.firestore.CloudFirestoreV1.internalCommit(CloudFirestoreV1.java:1336)
	at com.google.cloud.datastore.emulator.impl.firestore.CloudFirestoreV1.write(CloudFirestoreV1.java:1321)
	at com.google.cloud.datastore.emulator.impl.firestore.CloudFirestoreV1WriteStream.handleRequest(CloudFirestoreV1WriteStream.java:222)
	at com.google.cloud.datastore.emulator.impl.firestore.CloudFirestoreV1WriteStream.write(CloudFirestoreV1WriteStream.java:144)
	at com.google.cloud.datastore.emulator.impl.firestore.CloudFirestoreV1WriteStream.onNext(CloudFirestoreV1WriteStream.java:99)
	at com.google.cloud.datastore.emulator.impl.firestore.CloudFirestoreV1WriteStream.onNext(CloudFirestoreV1WriteStream.java:27)
	at io.grpc.stub.ServerCalls$StreamingServerCallHandler$StreamingServerCallListener.onMessage(ServerCalls.java:262)
	at io.grpc.ForwardingServerCallListener.onMessage(ForwardingServerCallListener.java:33)
	at io.grpc.Contexts$ContextualizedServerCallListener.onMessage(Contexts.java:76)
	at io.grpc.ForwardingServerCallListener.onMessage(ForwardingServerCallListener.java:33)
	at io.grpc.Contexts$ContextualizedServerCallListener.onMessage(Contexts.java:76)
	at io.grpc.internal.ServerCallImpl$ServerStreamListenerImpl.messagesAvailableInternal(ServerCallImpl.java:334)
	at io.grpc.internal.ServerCallImpl$ServerStreamListenerImpl.messagesAvailable(ServerCallImpl.java:319)
	at io.grpc.internal.ServerImpl$JumpToApplicationThreadServerStreamListener$1MessagesAvailable.runInContext(ServerImpl.java:852)
	at io.grpc.internal.ContextRunnable.run(ContextRunnable.java:37)
	at io.grpc.internal.SerializingExecutor.run(SerializingExecutor.java:133)
	at java.base/java.util.concurrent.ThreadPoolExecutor.runWorker(ThreadPoolExecutor.java:1144)
	at java.base/java.util.concurrent.ThreadPoolExecutor$Worker.run(ThreadPoolExecutor.java:642)
	at java.base/java.lang.Thread.run(Thread.java:1583)

Sep 15, 2026 6:59:43 PM com.google.cloud.datastore.emulator.impl.util.WrappedStreamObserver onError
WARNING: Operation failed: 
evaluation error at L589:24 for 'create' @ L589, false for 'create' @ L1024, evaluation error at L602:9 for 'update' @ L602, false for 'update' @ L1024, evaluation error at L465:9 for 'update' @ L465, false for 'update' @ L1024, false for 'update' @ L465, false for 'update' @ L1024, false for 'create' @ L589, false for 'create' @ L1024
com.google.cloud.datastore.core.exception.DatastoreException: 
evaluation error at L589:24 for 'create' @ L589, false for 'create' @ L1024, evaluation error at L602:9 for 'update' @ L602, false for 'update' @ L1024, evaluation error at L465:9 for 'update' @ L465, false for 'update' @ L1024, false for 'update' @ L465, false for 'update' @ L1024, false for 'create' @ L589, false for 'create' @ L1024
	at com.google.cloud.datastore.core.exception.DatastoreException$Builder.build(DatastoreException.java:152)
	at com.google.cloud.datastore.emulator.impl.rules.DefaultEmulatorRulesAuthorizer.verboseError(DefaultEmulatorRulesAuthorizer.java:349)
	at com.google.cloud.datastore.emulator.impl.rules.DefaultEmulatorRulesAuthorizer.withVerboseErrors(DefaultEmulatorRulesAuthorizer.java:326)
	at com.google.cloud.datastore.emulator.impl.rules.DefaultEmulatorRulesAuthorizer.checkCommit(DefaultEmulatorRulesAuthorizer.java:113)
	at com.google.cloud.datastore.emulator.impl.firestore.FirestoreEmulatorHelper.commitHelper(FirestoreEmulatorHelper.java:407)
	at com.google.cloud.datastore.emulator.impl.firestore.FirestoreEmulatorHelper.internalCommit(FirestoreEmulatorHelper.java:348)
	at com.google.cloud.datastore.emulator.impl.firestore.CloudFirestoreV1.internalCommit(CloudFirestoreV1.java:1336)
	at com.google.cloud.datastore.emulator.impl.firestore.CloudFirestoreV1.write(CloudFirestoreV1.java:1321)
	at com.google.cloud.datastore.emulator.impl.firestore.CloudFirestoreV1WriteStream.handleRequest(CloudFirestoreV1WriteStream.java:222)
	at com.google.cloud.datastore.emulator.impl.firestore.CloudFirestoreV1WriteStream.write(CloudFirestoreV1WriteStream.java:144)
	at com.google.cloud.datastore.emulator.impl.firestore.CloudFirestoreV1WriteStream.onNext(CloudFirestoreV1WriteStream.java:99)
	at com.google.cloud.datastore.emulator.impl.firestore.CloudFirestoreV1WriteStream.onNext(CloudFirestoreV1WriteStream.java:27)
	at io.grpc.stub.ServerCalls$StreamingServerCallHandler$StreamingServerCallListener.onMessage(ServerCalls.java:262)
	at io.grpc.ForwardingServerCallListener.onMessage(ForwardingServerCallListener.java:33)
	at io.grpc.Contexts$ContextualizedServerCallListener.onMessage(Contexts.java:76)
	at io.grpc.ForwardingServerCallListener.onMessage(ForwardingServerCallListener.java:33)
	at io.grpc.Contexts$ContextualizedServerCallListener.onMessage(Contexts.java:76)
	at io.grpc.internal.ServerCallImpl$ServerStreamListenerImpl.messagesAvailableInternal(ServerCallImpl.java:334)
	at io.grpc.internal.ServerCallImpl$ServerStreamListenerImpl.messagesAvailable(ServerCallImpl.java:319)
	at io.grpc.internal.ServerImpl$JumpToApplicationThreadServerStreamListener$1MessagesAvailable.runInContext(ServerImpl.java:852)
	at io.grpc.internal.ContextRunnable.run(ContextRunnable.java:37)
	at io.grpc.internal.SerializingExecutor.run(SerializingExecutor.java:133)
	at java.base/java.util.concurrent.ThreadPoolExecutor.runWorker(ThreadPoolExecutor.java:1144)
	at java.base/java.util.concurrent.ThreadPoolExecutor$Worker.run(ThreadPoolExecutor.java:642)
	at java.base/java.lang.Thread.run(Thread.java:1583)

Sep 15, 2026 6:59:43 PM com.google.cloud.datastore.emulator.impl.util.WrappedStreamObserver onError
WARNING: Operation failed: 
evaluation error at L589:24 for 'create' @ L589, false for 'create' @ L1024, evaluation error at L602:9 for 'update' @ L602, false for 'update' @ L1024, evaluation error at L465:9 for 'update' @ L465, false for 'update' @ L1024, false for 'update' @ L465, false for 'update' @ L1024, false for 'create' @ L589, false for 'create' @ L1024
com.google.cloud.datastore.core.exception.DatastoreException: 
evaluation error at L589:24 for 'create' @ L589, false for 'create' @ L1024, evaluation error at L602:9 for 'update' @ L602, false for 'update' @ L1024, evaluation error at L465:9 for 'update' @ L465, false for 'update' @ L1024, false for 'update' @ L465, false for 'update' @ L1024, false for 'create' @ L589, false for 'create' @ L1024
	at com.google.cloud.datastore.core.exception.DatastoreException$Builder.build(DatastoreException.java:152)
	at com.google.cloud.datastore.emulator.impl.rules.DefaultEmulatorRulesAuthorizer.verboseError(DefaultEmulatorRulesAuthorizer.java:349)
	at com.google.cloud.datastore.emulator.impl.rules.DefaultEmulatorRulesAuthorizer.withVerboseErrors(DefaultEmulatorRulesAuthorizer.java:326)
	at com.google.cloud.datastore.emulator.impl.rules.DefaultEmulatorRulesAuthorizer.checkCommit(DefaultEmulatorRulesAuthorizer.java:113)
	at com.google.cloud.datastore.emulator.impl.firestore.FirestoreEmulatorHelper.commitHelper(FirestoreEmulatorHelper.java:407)
	at com.google.cloud.datastore.emulator.impl.firestore.FirestoreEmulatorHelper.internalCommit(FirestoreEmulatorHelper.java:348)
	at com.google.cloud.datastore.emulator.impl.firestore.CloudFirestoreV1.internalCommit(CloudFirestoreV1.java:1336)
	at com.google.cloud.datastore.emulator.impl.firestore.CloudFirestoreV1.write(CloudFirestoreV1.java:1321)
	at com.google.cloud.datastore.emulator.impl.firestore.CloudFirestoreV1WriteStream.handleRequest(CloudFirestoreV1WriteStream.java:222)
	at com.google.cloud.datastore.emulator.impl.firestore.CloudFirestoreV1WriteStream.write(CloudFirestoreV1WriteStream.java:144)
	at com.google.cloud.datastore.emulator.impl.firestore.CloudFirestoreV1WriteStream.onNext(CloudFirestoreV1WriteStream.java:99)
	at com.google.cloud.datastore.emulator.impl.firestore.CloudFirestoreV1WriteStream.onNext(CloudFirestoreV1WriteStream.java:27)
	at io.grpc.stub.ServerCalls$StreamingServerCallHandler$StreamingServerCallListener.onMessage(ServerCalls.java:262)
	at io.grpc.ForwardingServerCallListener.onMessage(ForwardingServerCallListener.java:33)
	at io.grpc.Contexts$ContextualizedServerCallListener.onMessage(Contexts.java:76)
	at io.grpc.ForwardingServerCallListener.onMessage(ForwardingServerCallListener.java:33)
	at io.grpc.Contexts$ContextualizedServerCallListener.onMessage(Contexts.java:76)
	at io.grpc.internal.ServerCallImpl$ServerStreamListenerImpl.messagesAvailableInternal(ServerCallImpl.java:334)
	at io.grpc.internal.ServerCallImpl$ServerStreamListenerImpl.messagesAvailable(ServerCallImpl.java:319)
	at io.grpc.internal.ServerImpl$JumpToApplicationThreadServerStreamListener$1MessagesAvailable.runInContext(ServerImpl.java:852)
	at io.grpc.internal.ContextRunnable.run(ContextRunnable.java:37)
	at io.grpc.internal.SerializingExecutor.run(SerializingExecutor.java:133)
	at java.base/java.util.concurrent.ThreadPoolExecutor.runWorker(ThreadPoolExecutor.java:1144)
	at java.base/java.util.concurrent.ThreadPoolExecutor$Worker.run(ThreadPoolExecutor.java:642)
	at java.base/java.lang.Thread.run(Thread.java:1583)

Sep 15, 2026 6:59:44 PM com.google.cloud.datastore.emulator.impl.util.WrappedStreamObserver onError
WARNING: Operation failed: 
evaluation error at L602:9 for 'update' @ L602, false for 'update' @ L1024, false for 'update' @ L602, false for 'update' @ L1024
com.google.cloud.datastore.core.exception.DatastoreException: 
evaluation error at L602:9 for 'update' @ L602, false for 'update' @ L1024, false for 'update' @ L602, false for 'update' @ L1024
	at com.google.cloud.datastore.core.exception.DatastoreException$Builder.build(DatastoreException.java:152)
	at com.google.cloud.datastore.emulator.impl.rules.DefaultEmulatorRulesAuthorizer.verboseError(DefaultEmulatorRulesAuthorizer.java:349)
	at com.google.cloud.datastore.emulator.impl.rules.DefaultEmulatorRulesAuthorizer.withVerboseErrors(DefaultEmulatorRulesAuthorizer.java:326)
	at com.google.cloud.datastore.emulator.impl.rules.DefaultEmulatorRulesAuthorizer.checkCommit(DefaultEmulatorRulesAuthorizer.java:113)
	at com.google.cloud.datastore.emulator.impl.firestore.FirestoreEmulatorHelper.commitHelper(FirestoreEmulatorHelper.java:407)
	at com.google.cloud.datastore.emulator.impl.firestore.FirestoreEmulatorHelper.internalCommit(FirestoreEmulatorHelper.java:348)
	at com.google.cloud.datastore.emulator.impl.firestore.CloudFirestoreV1.internalCommit(CloudFirestoreV1.java:1336)
	at com.google.cloud.datastore.emulator.impl.firestore.CloudFirestoreV1.write(CloudFirestoreV1.java:1321)
	at com.google.cloud.datastore.emulator.impl.firestore.CloudFirestoreV1WriteStream.handleRequest(CloudFirestoreV1WriteStream.java:222)
	at com.google.cloud.datastore.emulator.impl.firestore.CloudFirestoreV1WriteStream.write(CloudFirestoreV1WriteStream.java:144)
	at com.google.cloud.datastore.emulator.impl.firestore.CloudFirestoreV1WriteStream.onNext(CloudFirestoreV1WriteStream.java:99)
	at com.google.cloud.datastore.emulator.impl.firestore.CloudFirestoreV1WriteStream.onNext(CloudFirestoreV1WriteStream.java:27)
	at io.grpc.stub.ServerCalls$StreamingServerCallHandler$StreamingServerCallListener.onMessage(ServerCalls.java:262)
	at io.grpc.ForwardingServerCallListener.onMessage(ForwardingServerCallListener.java:33)
	at io.grpc.Contexts$ContextualizedServerCallListener.onMessage(Contexts.java:76)
	at io.grpc.ForwardingServerCallListener.onMessage(ForwardingServerCallListener.java:33)
	at io.grpc.Contexts$ContextualizedServerCallListener.onMessage(Contexts.java:76)
	at io.grpc.internal.ServerCallImpl$ServerStreamListenerImpl.messagesAvailableInternal(ServerCallImpl.java:334)
	at io.grpc.internal.ServerCallImpl$ServerStreamListenerImpl.messagesAvailable(ServerCallImpl.java:319)
	at io.grpc.internal.ServerImpl$JumpToApplicationThreadServerStreamListener$1MessagesAvailable.runInContext(ServerImpl.java:852)
	at io.grpc.internal.ContextRunnable.run(ContextRunnable.java:37)
	at io.grpc.internal.SerializingExecutor.run(SerializingExecutor.java:133)
	at java.base/java.util.concurrent.ThreadPoolExecutor.runWorker(ThreadPoolExecutor.java:1144)
	at java.base/java.util.concurrent.ThreadPoolExecutor$Worker.run(ThreadPoolExecutor.java:642)
	at java.base/java.lang.Thread.run(Thread.java:1583)

Sep 15, 2026 6:59:44 PM com.google.cloud.datastore.emulator.impl.util.WrappedStreamObserver onError
WARNING: Operation failed: 
evaluation error at L602:9 for 'update' @ L602, false for 'update' @ L1024, false for 'update' @ L602, false for 'update' @ L1024
com.google.cloud.datastore.core.exception.DatastoreException: 
evaluation error at L602:9 for 'update' @ L602, false for 'update' @ L1024, false for 'update' @ L602, false for 'update' @ L1024
	at com.google.cloud.datastore.core.exception.DatastoreException$Builder.build(DatastoreException.java:152)
	at com.google.cloud.datastore.emulator.impl.rules.DefaultEmulatorRulesAuthorizer.verboseError(DefaultEmulatorRulesAuthorizer.java:349)
	at com.google.cloud.datastore.emulator.impl.rules.DefaultEmulatorRulesAuthorizer.withVerboseErrors(DefaultEmulatorRulesAuthorizer.java:326)
	at com.google.cloud.datastore.emulator.impl.rules.DefaultEmulatorRulesAuthorizer.checkCommit(DefaultEmulatorRulesAuthorizer.java:113)
	at com.google.cloud.datastore.emulator.impl.firestore.FirestoreEmulatorHelper.commitHelper(FirestoreEmulatorHelper.java:407)
	at com.google.cloud.datastore.emulator.impl.firestore.FirestoreEmulatorHelper.internalCommit(FirestoreEmulatorHelper.java:348)
	at com.google.cloud.datastore.emulator.impl.firestore.CloudFirestoreV1.internalCommit(CloudFirestoreV1.java:1336)
	at com.google.cloud.datastore.emulator.impl.firestore.CloudFirestoreV1.write(CloudFirestoreV1.java:1321)
	at com.google.cloud.datastore.emulator.impl.firestore.CloudFirestoreV1WriteStream.handleRequest(CloudFirestoreV1WriteStream.java:222)
	at com.google.cloud.datastore.emulator.impl.firestore.CloudFirestoreV1WriteStream.write(CloudFirestoreV1WriteStream.java:144)
	at com.google.cloud.datastore.emulator.impl.firestore.CloudFirestoreV1WriteStream.onNext(CloudFirestoreV1WriteStream.java:99)
	at com.google.cloud.datastore.emulator.impl.firestore.CloudFirestoreV1WriteStream.onNext(CloudFirestoreV1WriteStream.java:27)
	at io.grpc.stub.ServerCalls$StreamingServerCallHandler$StreamingServerCallListener.onMessage(ServerCalls.java:262)
	at io.grpc.ForwardingServerCallListener.onMessage(ForwardingServerCallListener.java:33)
	at io.grpc.Contexts$ContextualizedServerCallListener.onMessage(Contexts.java:76)
	at io.grpc.ForwardingServerCallListener.onMessage(ForwardingServerCallListener.java:33)
	at io.grpc.Contexts$ContextualizedServerCallListener.onMessage(Contexts.java:76)
	at io.grpc.internal.ServerCallImpl$ServerStreamListenerImpl.messagesAvailableInternal(ServerCallImpl.java:334)
	at io.grpc.internal.ServerCallImpl$ServerStreamListenerImpl.messagesAvailable(ServerCallImpl.java:319)
	at io.grpc.internal.ServerImpl$JumpToApplicationThreadServerStreamListener$1MessagesAvailable.runInContext(ServerImpl.java:852)
	at io.grpc.internal.ContextRunnable.run(ContextRunnable.java:37)
	at io.grpc.internal.SerializingExecutor.run(SerializingExecutor.java:133)
	at java.base/java.util.concurrent.ThreadPoolExecutor.runWorker(ThreadPoolExecutor.java:1144)
	at java.base/java.util.concurrent.ThreadPoolExecutor$Worker.run(ThreadPoolExecutor.java:642)
	at java.base/java.lang.Thread.run(Thread.java:1583)

Sep 15, 2026 6:59:45 PM com.google.cloud.datastore.emulator.impl.util.WrappedStreamObserver onError
WARNING: Operation failed: 
evaluation error at L602:9 for 'update' @ L602, false for 'update' @ L1024, false for 'update' @ L602, false for 'update' @ L1024
com.google.cloud.datastore.core.exception.DatastoreException: 
evaluation error at L602:9 for 'update' @ L602, false for 'update' @ L1024, false for 'update' @ L602, false for 'update' @ L1024
	at com.google.cloud.datastore.core.exception.DatastoreException$Builder.build(DatastoreException.java:152)
	at com.google.cloud.datastore.emulator.impl.rules.DefaultEmulatorRulesAuthorizer.verboseError(DefaultEmulatorRulesAuthorizer.java:349)
	at com.google.cloud.datastore.emulator.impl.rules.DefaultEmulatorRulesAuthorizer.withVerboseErrors(DefaultEmulatorRulesAuthorizer.java:326)
	at com.google.cloud.datastore.emulator.impl.rules.DefaultEmulatorRulesAuthorizer.checkCommit(DefaultEmulatorRulesAuthorizer.java:113)
	at com.google.cloud.datastore.emulator.impl.firestore.FirestoreEmulatorHelper.commitHelper(FirestoreEmulatorHelper.java:407)
	at com.google.cloud.datastore.emulator.impl.firestore.FirestoreEmulatorHelper.internalCommit(FirestoreEmulatorHelper.java:348)
	at com.google.cloud.datastore.emulator.impl.firestore.CloudFirestoreV1.internalCommit(CloudFirestoreV1.java:1336)
	at com.google.cloud.datastore.emulator.impl.firestore.CloudFirestoreV1.write(CloudFirestoreV1.java:1321)
	at com.google.cloud.datastore.emulator.impl.firestore.CloudFirestoreV1WriteStream.handleRequest(CloudFirestoreV1WriteStream.java:222)
	at com.google.cloud.datastore.emulator.impl.firestore.CloudFirestoreV1WriteStream.write(CloudFirestoreV1WriteStream.java:144)
	at com.google.cloud.datastore.emulator.impl.firestore.CloudFirestoreV1WriteStream.onNext(CloudFirestoreV1WriteStream.java:99)
	at com.google.cloud.datastore.emulator.impl.firestore.CloudFirestoreV1WriteStream.onNext(CloudFirestoreV1WriteStream.java:27)
	at io.grpc.stub.ServerCalls$StreamingServerCallHandler$StreamingServerCallListener.onMessage(ServerCalls.java:262)
	at io.grpc.ForwardingServerCallListener.onMessage(ForwardingServerCallListener.java:33)
	at io.grpc.Contexts$ContextualizedServerCallListener.onMessage(Contexts.java:76)
	at io.grpc.ForwardingServerCallListener.onMessage(ForwardingServerCallListener.java:33)
	at io.grpc.Contexts$ContextualizedServerCallListener.onMessage(Contexts.java:76)
	at io.grpc.internal.ServerCallImpl$ServerStreamListenerImpl.messagesAvailableInternal(ServerCallImpl.java:334)
	at io.grpc.internal.ServerCallImpl$ServerStreamListenerImpl.messagesAvailable(ServerCallImpl.java:319)
	at io.grpc.internal.ServerImpl$JumpToApplicationThreadServerStreamListener$1MessagesAvailable.runInContext(ServerImpl.java:852)
	at io.grpc.internal.ContextRunnable.run(ContextRunnable.java:37)
	at io.grpc.internal.SerializingExecutor.run(SerializingExecutor.java:133)
	at java.base/java.util.concurrent.ThreadPoolExecutor.runWorker(ThreadPoolExecutor.java:1144)
	at java.base/java.util.concurrent.ThreadPoolExecutor$Worker.run(ThreadPoolExecutor.java:642)
	at java.base/java.lang.Thread.run(Thread.java:1583)

Sep 15, 2026 6:59:45 PM com.google.cloud.datastore.emulator.impl.util.WrappedStreamObserver onError
WARNING: Operation failed: 
evaluation error at L602:9 for 'update' @ L602, false for 'update' @ L1024, false for 'update' @ L602, false for 'update' @ L1024
com.google.cloud.datastore.core.exception.DatastoreException: 
evaluation error at L602:9 for 'update' @ L602, false for 'update' @ L1024, false for 'update' @ L602, false for 'update' @ L1024
	at com.google.cloud.datastore.core.exception.DatastoreException$Builder.build(DatastoreException.java:152)
	at com.google.cloud.datastore.emulator.impl.rules.DefaultEmulatorRulesAuthorizer.verboseError(DefaultEmulatorRulesAuthorizer.java:349)
	at com.google.cloud.datastore.emulator.impl.rules.DefaultEmulatorRulesAuthorizer.withVerboseErrors(DefaultEmulatorRulesAuthorizer.java:326)
	at com.google.cloud.datastore.emulator.impl.rules.DefaultEmulatorRulesAuthorizer.checkCommit(DefaultEmulatorRulesAuthorizer.java:113)
	at com.google.cloud.datastore.emulator.impl.firestore.FirestoreEmulatorHelper.commitHelper(FirestoreEmulatorHelper.java:407)
	at com.google.cloud.datastore.emulator.impl.firestore.FirestoreEmulatorHelper.internalCommit(FirestoreEmulatorHelper.java:348)
	at com.google.cloud.datastore.emulator.impl.firestore.CloudFirestoreV1.internalCommit(CloudFirestoreV1.java:1336)
	at com.google.cloud.datastore.emulator.impl.firestore.CloudFirestoreV1.write(CloudFirestoreV1.java:1321)
	at com.google.cloud.datastore.emulator.impl.firestore.CloudFirestoreV1WriteStream.handleRequest(CloudFirestoreV1WriteStream.java:222)
	at com.google.cloud.datastore.emulator.impl.firestore.CloudFirestoreV1WriteStream.write(CloudFirestoreV1WriteStream.java:144)
	at com.google.cloud.datastore.emulator.impl.firestore.CloudFirestoreV1WriteStream.onNext(CloudFirestoreV1WriteStream.java:99)
	at com.google.cloud.datastore.emulator.impl.firestore.CloudFirestoreV1WriteStream.onNext(CloudFirestoreV1WriteStream.java:27)
	at io.grpc.stub.ServerCalls$StreamingServerCallHandler$StreamingServerCallListener.onMessage(ServerCalls.java:262)
	at io.grpc.ForwardingServerCallListener.onMessage(ForwardingServerCallListener.java:33)
	at io.grpc.Contexts$ContextualizedServerCallListener.onMessage(Contexts.java:76)
	at io.grpc.ForwardingServerCallListener.onMessage(ForwardingServerCallListener.java:33)
	at io.grpc.Contexts$ContextualizedServerCallListener.onMessage(Contexts.java:76)
	at io.grpc.internal.ServerCallImpl$ServerStreamListenerImpl.messagesAvailableInternal(ServerCallImpl.java:334)
	at io.grpc.internal.ServerCallImpl$ServerStreamListenerImpl.messagesAvailable(ServerCallImpl.java:319)
	at io.grpc.internal.ServerImpl$JumpToApplicationThreadServerStreamListener$1MessagesAvailable.runInContext(ServerImpl.java:852)
	at io.grpc.internal.ContextRunnable.run(ContextRunnable.java:37)
	at io.grpc.internal.SerializingExecutor.run(SerializingExecutor.java:133)
	at java.base/java.util.concurrent.ThreadPoolExecutor.runWorker(ThreadPoolExecutor.java:1144)
	at java.base/java.util.concurrent.ThreadPoolExecutor$Worker.run(ThreadPoolExecutor.java:642)
	at java.base/java.lang.Thread.run(Thread.java:1583)

Sep 15, 2026 6:59:45 PM com.google.cloud.datastore.emulator.impl.util.WrappedStreamObserver onError
WARNING: Operation failed: 
evaluation error at L602:9 for 'update' @ L602, false for 'update' @ L1024, false for 'update' @ L602, false for 'update' @ L1024
com.google.cloud.datastore.core.exception.DatastoreException: 
evaluation error at L602:9 for 'update' @ L602, false for 'update' @ L1024, false for 'update' @ L602, false for 'update' @ L1024
	at com.google.cloud.datastore.core.exception.DatastoreException$Builder.build(DatastoreException.java:152)
	at com.google.cloud.datastore.emulator.impl.rules.DefaultEmulatorRulesAuthorizer.verboseError(DefaultEmulatorRulesAuthorizer.java:349)
	at com.google.cloud.datastore.emulator.impl.rules.DefaultEmulatorRulesAuthorizer.withVerboseErrors(DefaultEmulatorRulesAuthorizer.java:326)
	at com.google.cloud.datastore.emulator.impl.rules.DefaultEmulatorRulesAuthorizer.checkCommit(DefaultEmulatorRulesAuthorizer.java:113)
	at com.google.cloud.datastore.emulator.impl.firestore.FirestoreEmulatorHelper.commitHelper(FirestoreEmulatorHelper.java:407)
	at com.google.cloud.datastore.emulator.impl.firestore.FirestoreEmulatorHelper.internalCommit(FirestoreEmulatorHelper.java:348)
	at com.google.cloud.datastore.emulator.impl.firestore.CloudFirestoreV1.internalCommit(CloudFirestoreV1.java:1336)
	at com.google.cloud.datastore.emulator.impl.firestore.CloudFirestoreV1.write(CloudFirestoreV1.java:1321)
	at com.google.cloud.datastore.emulator.impl.firestore.CloudFirestoreV1WriteStream.handleRequest(CloudFirestoreV1WriteStream.java:222)
	at com.google.cloud.datastore.emulator.impl.firestore.CloudFirestoreV1WriteStream.write(CloudFirestoreV1WriteStream.java:144)
	at com.google.cloud.datastore.emulator.impl.firestore.CloudFirestoreV1WriteStream.onNext(CloudFirestoreV1WriteStream.java:99)
	at com.google.cloud.datastore.emulator.impl.firestore.CloudFirestoreV1WriteStream.onNext(CloudFirestoreV1WriteStream.java:27)
	at io.grpc.stub.ServerCalls$StreamingServerCallHandler$StreamingServerCallListener.onMessage(ServerCalls.java:262)
	at io.grpc.ForwardingServerCallListener.onMessage(ForwardingServerCallListener.java:33)
	at io.grpc.Contexts$ContextualizedServerCallListener.onMessage(Contexts.java:76)
	at io.grpc.ForwardingServerCallListener.onMessage(ForwardingServerCallListener.java:33)
	at io.grpc.Contexts$ContextualizedServerCallListener.onMessage(Contexts.java:76)
	at io.grpc.internal.ServerCallImpl$ServerStreamListenerImpl.messagesAvailableInternal(ServerCallImpl.java:334)
	at io.grpc.internal.ServerCallImpl$ServerStreamListenerImpl.messagesAvailable(ServerCallImpl.java:319)
	at io.grpc.internal.ServerImpl$JumpToApplicationThreadServerStreamListener$1MessagesAvailable.runInContext(ServerImpl.java:852)
	at io.grpc.internal.ContextRunnable.run(ContextRunnable.java:37)
	at io.grpc.internal.SerializingExecutor.run(SerializingExecutor.java:133)
	at java.base/java.util.concurrent.ThreadPoolExecutor.runWorker(ThreadPoolExecutor.java:1144)
	at java.base/java.util.concurrent.ThreadPoolExecutor$Worker.run(ThreadPoolExecutor.java:642)
	at java.base/java.lang.Thread.run(Thread.java:1583)

Sep 15, 2026 6:59:46 PM com.google.cloud.datastore.emulator.impl.util.WrappedStreamObserver onError
WARNING: Operation failed: 
evaluation error at L639:24 for 'delete' @ L639, false for 'delete' @ L1024, evaluation error at L465:9 for 'update' @ L465, false for 'update' @ L1024, false for 'update' @ L465, false for 'update' @ L1024, false for 'delete' @ L639, false for 'delete' @ L1024
com.google.cloud.datastore.core.exception.DatastoreException: 
evaluation error at L639:24 for 'delete' @ L639, false for 'delete' @ L1024, evaluation error at L465:9 for 'update' @ L465, false for 'update' @ L1024, false for 'update' @ L465, false for 'update' @ L1024, false for 'delete' @ L639, false for 'delete' @ L1024
	at com.google.cloud.datastore.core.exception.DatastoreException$Builder.build(DatastoreException.java:152)
	at com.google.cloud.datastore.emulator.impl.rules.DefaultEmulatorRulesAuthorizer.verboseError(DefaultEmulatorRulesAuthorizer.java:349)
	at com.google.cloud.datastore.emulator.impl.rules.DefaultEmulatorRulesAuthorizer.withVerboseErrors(DefaultEmulatorRulesAuthorizer.java:326)
	at com.google.cloud.datastore.emulator.impl.rules.DefaultEmulatorRulesAuthorizer.checkCommit(DefaultEmulatorRulesAuthorizer.java:113)
	at com.google.cloud.datastore.emulator.impl.firestore.FirestoreEmulatorHelper.commitHelper(FirestoreEmulatorHelper.java:407)
	at com.google.cloud.datastore.emulator.impl.firestore.FirestoreEmulatorHelper.internalCommit(FirestoreEmulatorHelper.java:348)
	at com.google.cloud.datastore.emulator.impl.firestore.CloudFirestoreV1.internalCommit(CloudFirestoreV1.java:1336)
	at com.google.cloud.datastore.emulator.impl.firestore.CloudFirestoreV1.write(CloudFirestoreV1.java:1321)
	at com.google.cloud.datastore.emulator.impl.firestore.CloudFirestoreV1WriteStream.handleRequest(CloudFirestoreV1WriteStream.java:222)
	at com.google.cloud.datastore.emulator.impl.firestore.CloudFirestoreV1WriteStream.write(CloudFirestoreV1WriteStream.java:144)
	at com.google.cloud.datastore.emulator.impl.firestore.CloudFirestoreV1WriteStream.onNext(CloudFirestoreV1WriteStream.java:99)
	at com.google.cloud.datastore.emulator.impl.firestore.CloudFirestoreV1WriteStream.onNext(CloudFirestoreV1WriteStream.java:27)
	at io.grpc.stub.ServerCalls$StreamingServerCallHandler$StreamingServerCallListener.onMessage(ServerCalls.java:262)
	at io.grpc.ForwardingServerCallListener.onMessage(ForwardingServerCallListener.java:33)
	at io.grpc.Contexts$ContextualizedServerCallListener.onMessage(Contexts.java:76)
	at io.grpc.ForwardingServerCallListener.onMessage(ForwardingServerCallListener.java:33)
	at io.grpc.Contexts$ContextualizedServerCallListener.onMessage(Contexts.java:76)
	at io.grpc.internal.ServerCallImpl$ServerStreamListenerImpl.messagesAvailableInternal(ServerCallImpl.java:334)
	at io.grpc.internal.ServerCallImpl$ServerStreamListenerImpl.messagesAvailable(ServerCallImpl.java:319)
	at io.grpc.internal.ServerImpl$JumpToApplicationThreadServerStreamListener$1MessagesAvailable.runInContext(ServerImpl.java:852)
	at io.grpc.internal.ContextRunnable.run(ContextRunnable.java:37)
	at io.grpc.internal.SerializingExecutor.run(SerializingExecutor.java:133)
	at java.base/java.util.concurrent.ThreadPoolExecutor.runWorker(ThreadPoolExecutor.java:1144)
	at java.base/java.util.concurrent.ThreadPoolExecutor$Worker.run(ThreadPoolExecutor.java:642)
	at java.base/java.lang.Thread.run(Thread.java:1583)

Sep 15, 2026 6:59:46 PM com.google.cloud.datastore.emulator.impl.util.WrappedStreamObserver onError
WARNING: Operation failed: 
evaluation error at L639:24 for 'delete' @ L639, false for 'delete' @ L1024, false for 'delete' @ L639, false for 'delete' @ L1024
com.google.cloud.datastore.core.exception.DatastoreException: 
evaluation error at L639:24 for 'delete' @ L639, false for 'delete' @ L1024, false for 'delete' @ L639, false for 'delete' @ L1024
	at com.google.cloud.datastore.core.exception.DatastoreException$Builder.build(DatastoreException.java:152)
	at com.google.cloud.datastore.emulator.impl.rules.DefaultEmulatorRulesAuthorizer.verboseError(DefaultEmulatorRulesAuthorizer.java:349)
	at com.google.cloud.datastore.emulator.impl.rules.DefaultEmulatorRulesAuthorizer.withVerboseErrors(DefaultEmulatorRulesAuthorizer.java:326)
	at com.google.cloud.datastore.emulator.impl.rules.DefaultEmulatorRulesAuthorizer.checkCommit(DefaultEmulatorRulesAuthorizer.java:113)
	at com.google.cloud.datastore.emulator.impl.firestore.FirestoreEmulatorHelper.commitHelper(FirestoreEmulatorHelper.java:407)
	at com.google.cloud.datastore.emulator.impl.firestore.FirestoreEmulatorHelper.internalCommit(FirestoreEmulatorHelper.java:348)
	at com.google.cloud.datastore.emulator.impl.firestore.CloudFirestoreV1.internalCommit(CloudFirestoreV1.java:1336)
	at com.google.cloud.datastore.emulator.impl.firestore.CloudFirestoreV1.write(CloudFirestoreV1.java:1321)
	at com.google.cloud.datastore.emulator.impl.firestore.CloudFirestoreV1WriteStream.handleRequest(CloudFirestoreV1WriteStream.java:222)
	at com.google.cloud.datastore.emulator.impl.firestore.CloudFirestoreV1WriteStream.write(CloudFirestoreV1WriteStream.java:144)
	at com.google.cloud.datastore.emulator.impl.firestore.CloudFirestoreV1WriteStream.onNext(CloudFirestoreV1WriteStream.java:99)
	at com.google.cloud.datastore.emulator.impl.firestore.CloudFirestoreV1WriteStream.onNext(CloudFirestoreV1WriteStream.java:27)
	at io.grpc.stub.ServerCalls$StreamingServerCallHandler$StreamingServerCallListener.onMessage(ServerCalls.java:262)
	at io.grpc.ForwardingServerCallListener.onMessage(ForwardingServerCallListener.java:33)
	at io.grpc.Contexts$ContextualizedServerCallListener.onMessage(Contexts.java:76)
	at io.grpc.ForwardingServerCallListener.onMessage(ForwardingServerCallListener.java:33)
	at io.grpc.Contexts$ContextualizedServerCallListener.onMessage(Contexts.java:76)
	at io.grpc.internal.ServerCallImpl$ServerStreamListenerImpl.messagesAvailableInternal(ServerCallImpl.java:334)
	at io.grpc.internal.ServerCallImpl$ServerStreamListenerImpl.messagesAvailable(ServerCallImpl.java:319)
	at io.grpc.internal.ServerImpl$JumpToApplicationThreadServerStreamListener$1MessagesAvailable.runInContext(ServerImpl.java:852)
	at io.grpc.internal.ContextRunnable.run(ContextRunnable.java:37)
	at io.grpc.internal.SerializingExecutor.run(SerializingExecutor.java:133)
	at java.base/java.util.concurrent.ThreadPoolExecutor.runWorker(ThreadPoolExecutor.java:1144)
	at java.base/java.util.concurrent.ThreadPoolExecutor$Worker.run(ThreadPoolExecutor.java:642)
	at java.base/java.lang.Thread.run(Thread.java:1583)

Sep 15, 2026 6:59:47 PM com.google.cloud.datastore.emulator.impl.util.WrappedStreamObserver onError
WARNING: Operation failed: 
evaluation error at L602:9 for 'update' @ L602, false for 'update' @ L1024, Null value error. for 'update' @ L602, false for 'update' @ L1024
com.google.cloud.datastore.core.exception.DatastoreException: 
evaluation error at L602:9 for 'update' @ L602, false for 'update' @ L1024, Null value error. for 'update' @ L602, false for 'update' @ L1024
	at com.google.cloud.datastore.core.exception.DatastoreException$Builder.build(DatastoreException.java:152)
	at com.google.cloud.datastore.emulator.impl.rules.DefaultEmulatorRulesAuthorizer.verboseError(DefaultEmulatorRulesAuthorizer.java:349)
	at com.google.cloud.datastore.emulator.impl.rules.DefaultEmulatorRulesAuthorizer.withVerboseErrors(DefaultEmulatorRulesAuthorizer.java:326)
	at com.google.cloud.datastore.emulator.impl.rules.DefaultEmulatorRulesAuthorizer.checkCommit(DefaultEmulatorRulesAuthorizer.java:113)
	at com.google.cloud.datastore.emulator.impl.firestore.FirestoreEmulatorHelper.commitHelper(FirestoreEmulatorHelper.java:407)
	at com.google.cloud.datastore.emulator.impl.firestore.FirestoreEmulatorHelper.internalCommit(FirestoreEmulatorHelper.java:348)
	at com.google.cloud.datastore.emulator.impl.firestore.CloudFirestoreV1.internalCommit(CloudFirestoreV1.java:1336)
	at com.google.cloud.datastore.emulator.impl.firestore.CloudFirestoreV1.write(CloudFirestoreV1.java:1321)
	at com.google.cloud.datastore.emulator.impl.firestore.CloudFirestoreV1WriteStream.handleRequest(CloudFirestoreV1WriteStream.java:222)
	at com.google.cloud.datastore.emulator.impl.firestore.CloudFirestoreV1WriteStream.write(CloudFirestoreV1WriteStream.java:144)
	at com.google.cloud.datastore.emulator.impl.firestore.CloudFirestoreV1WriteStream.onNext(CloudFirestoreV1WriteStream.java:99)
	at com.google.cloud.datastore.emulator.impl.firestore.CloudFirestoreV1WriteStream.onNext(CloudFirestoreV1WriteStream.java:27)
	at io.grpc.stub.ServerCalls$StreamingServerCallHandler$StreamingServerCallListener.onMessage(ServerCalls.java:262)
	at io.grpc.ForwardingServerCallListener.onMessage(ForwardingServerCallListener.java:33)
	at io.grpc.Contexts$ContextualizedServerCallListener.onMessage(Contexts.java:76)
	at io.grpc.ForwardingServerCallListener.onMessage(ForwardingServerCallListener.java:33)
	at io.grpc.Contexts$ContextualizedServerCallListener.onMessage(Contexts.java:76)
	at io.grpc.internal.ServerCallImpl$ServerStreamListenerImpl.messagesAvailableInternal(ServerCallImpl.java:334)
	at io.grpc.internal.ServerCallImpl$ServerStreamListenerImpl.messagesAvailable(ServerCallImpl.java:319)
	at io.grpc.internal.ServerImpl$JumpToApplicationThreadServerStreamListener$1MessagesAvailable.runInContext(ServerImpl.java:852)
	at io.grpc.internal.ContextRunnable.run(ContextRunnable.java:37)
	at io.grpc.internal.SerializingExecutor.run(SerializingExecutor.java:133)
	at java.base/java.util.concurrent.ThreadPoolExecutor.runWorker(ThreadPoolExecutor.java:1144)
	at java.base/java.util.concurrent.ThreadPoolExecutor$Worker.run(ThreadPoolExecutor.java:642)
	at java.base/java.lang.Thread.run(Thread.java:1583)
Caused by: com.google.firebase.rules.runtime.common.EvaluationException: Error:  line [631], column [20]. Null value error.
	at com.google.firebase.rules.runtime.impl.DefaultEvaluator$TransformEvaluationException.apply(DefaultEvaluator.java:275)
	at com.google.firebase.rules.runtime.impl.DefaultEvaluator$TransformEvaluationException.apply(DefaultEvaluator.java:261)
	at com.google.common.util.concurrent.AbstractCatchingFuture$AsyncCatchingFuture.doFallback(AbstractCatchingFuture.java:207)
	at com.google.common.util.concurrent.AbstractCatchingFuture$AsyncCatchingFuture.doFallback(AbstractCatchingFuture.java:194)
	at com.google.common.util.concurrent.AbstractCatchingFuture.run(AbstractCatchingFuture.java:136)
	at com.google.common.util.concurrent.DirectExecutor.execute(DirectExecutor.java:30)
	at com.google.common.util.concurrent.AbstractFuture.executeListener(AbstractFuture.java:1045)
	at com.google.common.util.concurrent.AbstractFuture.addListener(AbstractFuture.java:492)
	at com.google.common.util.concurrent.FluentFuture$TrustedFuture.addListener(FluentFuture.java:122)
	at com.google.common.util.concurrent.AbstractCatchingFuture.createAsync(AbstractCatchingFuture.java:58)
	at com.google.common.util.concurrent.Futures.catchingAsync(Futures.java:411)
	at com.google.firebase.rules.runtime.impl.DefaultEvaluator.evaluate(DefaultEvaluator.java:177)
	at com.google.cloud.datastore.emulator.impl.rules.EmulatorRuleClient$EmulatorRuleEvaluator.evaluate(EmulatorRuleClient.java:88)
	at com.google.cloud.datastore.core.auth.rules.AsyncTwoPhaseRulesAuthorizer.lambda$fullEvaluate$0(AsyncTwoPhaseRulesAuthorizer.java:993)
	at com.google.cloud.datastore.computation.Computation.tryCatch(Computation.java:472)
	at com.google.cloud.datastore.core.auth.rules.AsyncTwoPhaseRulesAuthorizer.fullEvaluate(AsyncTwoPhaseRulesAuthorizer.java:992)
	at com.google.cloud.datastore.core.auth.rules.AsyncTwoPhaseRulesAuthorizer$WriteAuthorizerImpl.lambda$checkWrite$0(AsyncTwoPhaseRulesAuthorizer.java:1227)
	at com.google.cloud.datastore.computation.Computation.lambda$tryClose$1(Computation.java:741)
	at com.google.cloud.datastore.computation.Computation.tryCatch(Computation.java:472)
	at com.google.cloud.datastore.computation.Computation.tryFinally(Computation.java:708)
	at com.google.cloud.datastore.computation.Computation.tryFinally(Computation.java:714)
	at com.google.cloud.datastore.computation.Computation.tryClose(Computation.java:741)
	at com.google.cloud.datastore.core.auth.rules.AsyncTwoPhaseRulesAuthorizer$WriteAuthorizerImpl.checkWrite(AsyncTwoPhaseRulesAuthorizer.java:1199)
	at com.google.cloud.datastore.emulator.impl.rules.DefaultEmulatorRulesAuthorizer.lambda$checkCommit$2(DefaultEmulatorRulesAuthorizer.java:124)
	at com.google.cloud.datastore.computation.Computation.run(Computation.java:82)
	at com.google.cloud.datastore.computation.Computation$Terminated.toFuture(Computation.java:950)
	at com.google.cloud.datastore.computation.Computation.toFuture(Computation.java:93)
	at com.google.cloud.datastore.emulator.impl.rules.DefaultEmulatorRulesAuthorizer.finish(DefaultEmulatorRulesAuthorizer.java:308)
	at com.google.cloud.datastore.emulator.impl.rules.DefaultEmulatorRulesAuthorizer.lambda$checkCommit$0(DefaultEmulatorRulesAuthorizer.java:122)
	at com.google.cloud.datastore.emulator.impl.rules.DefaultEmulatorRulesAuthorizer.withVerboseErrors(DefaultEmulatorRulesAuthorizer.java:321)
	... 22 more

Sep 15, 2026 6:59:48 PM com.google.cloud.datastore.emulator.impl.util.WrappedStreamObserver onError
WARNING: Operation failed: 
evaluation error at L602:9 for 'update' @ L602, false for 'update' @ L1024, false for 'update' @ L602, false for 'update' @ L1024
com.google.cloud.datastore.core.exception.DatastoreException: 
evaluation error at L602:9 for 'update' @ L602, false for 'update' @ L1024, false for 'update' @ L602, false for 'update' @ L1024
	at com.google.cloud.datastore.core.exception.DatastoreException$Builder.build(DatastoreException.java:152)
	at com.google.cloud.datastore.emulator.impl.rules.DefaultEmulatorRulesAuthorizer.verboseError(DefaultEmulatorRulesAuthorizer.java:349)
	at com.google.cloud.datastore.emulator.impl.rules.DefaultEmulatorRulesAuthorizer.withVerboseErrors(DefaultEmulatorRulesAuthorizer.java:326)
	at com.google.cloud.datastore.emulator.impl.rules.DefaultEmulatorRulesAuthorizer.checkCommit(DefaultEmulatorRulesAuthorizer.java:113)
	at com.google.cloud.datastore.emulator.impl.firestore.FirestoreEmulatorHelper.commitHelper(FirestoreEmulatorHelper.java:407)
	at com.google.cloud.datastore.emulator.impl.firestore.FirestoreEmulatorHelper.internalCommit(FirestoreEmulatorHelper.java:348)
	at com.google.cloud.datastore.emulator.impl.firestore.CloudFirestoreV1.internalCommit(CloudFirestoreV1.java:1336)
	at com.google.cloud.datastore.emulator.impl.firestore.CloudFirestoreV1.write(CloudFirestoreV1.java:1321)
	at com.google.cloud.datastore.emulator.impl.firestore.CloudFirestoreV1WriteStream.handleRequest(CloudFirestoreV1WriteStream.java:222)
	at com.google.cloud.datastore.emulator.impl.firestore.CloudFirestoreV1WriteStream.write(CloudFirestoreV1WriteStream.java:144)
	at com.google.cloud.datastore.emulator.impl.firestore.CloudFirestoreV1WriteStream.onNext(CloudFirestoreV1WriteStream.java:99)
	at com.google.cloud.datastore.emulator.impl.firestore.CloudFirestoreV1WriteStream.onNext(CloudFirestoreV1WriteStream.java:27)
	at io.grpc.stub.ServerCalls$StreamingServerCallHandler$StreamingServerCallListener.onMessage(ServerCalls.java:262)
	at io.grpc.ForwardingServerCallListener.onMessage(ForwardingServerCallListener.java:33)
	at io.grpc.Contexts$ContextualizedServerCallListener.onMessage(Contexts.java:76)
	at io.grpc.ForwardingServerCallListener.onMessage(ForwardingServerCallListener.java:33)
	at io.grpc.Contexts$ContextualizedServerCallListener.onMessage(Contexts.java:76)
	at io.grpc.internal.ServerCallImpl$ServerStreamListenerImpl.messagesAvailableInternal(ServerCallImpl.java:334)
	at io.grpc.internal.ServerCallImpl$ServerStreamListenerImpl.messagesAvailable(ServerCallImpl.java:319)
	at io.grpc.internal.ServerImpl$JumpToApplicationThreadServerStreamListener$1MessagesAvailable.runInContext(ServerImpl.java:852)
	at io.grpc.internal.ContextRunnable.run(ContextRunnable.java:37)
	at io.grpc.internal.SerializingExecutor.run(SerializingExecutor.java:133)
	at java.base/java.util.concurrent.ThreadPoolExecutor.runWorker(ThreadPoolExecutor.java:1144)
	at java.base/java.util.concurrent.ThreadPoolExecutor$Worker.run(ThreadPoolExecutor.java:642)
	at java.base/java.lang.Thread.run(Thread.java:1583)

Sep 15, 2026 6:59:49 PM io.gapi.emulators.netty.HttpVersionRoutingHandler channelRead
INFO: Detected non-HTTP/2 connection.
Sep 15, 2026 6:59:50 PM io.gapi.emulators.netty.HttpVersionRoutingHandler channelRead
INFO: Detected non-HTTP/2 connection.
Sep 15, 2026 6:59:51 PM io.gapi.emulators.netty.HttpVersionRoutingHandler channelRead
INFO: Detected HTTP/2 connection.
Sep 15, 2026 6:59:51 PM io.gapi.emulators.netty.HttpVersionRoutingHandler channelRead
INFO: Detected HTTP/2 connection.
Sep 15, 2026 6:59:51 PM io.gapi.emulators.netty.HttpVersionRoutingHandler channelRead
INFO: Detected HTTP/2 connection.
Sep 15, 2026 6:59:51 PM io.gapi.emulators.netty.HttpVersionRoutingHandler channelRead
INFO: Detected HTTP/2 connection.
Sep 15, 2026 6:59:51 PM io.gapi.emulators.netty.HttpVersionRoutingHandler channelRead
INFO: Detected HTTP/2 connection.
Sep 15, 2026 6:59:52 PM com.google.cloud.datastore.emulator.impl.util.WrappedStreamObserver onError
WARNING: Operation failed: 
evaluation error at L602:9 for 'update' @ L602, false for 'update' @ L1024, evaluation error at L820:24 for 'create' @ L820, false for 'create' @ L1024, evaluation error at L829:9 for 'update' @ L829, false for 'update' @ L1024, false for 'create' @ L820, false for 'create' @ L1024
com.google.cloud.datastore.core.exception.DatastoreException: 
evaluation error at L602:9 for 'update' @ L602, false for 'update' @ L1024, evaluation error at L820:24 for 'create' @ L820, false for 'create' @ L1024, evaluation error at L829:9 for 'update' @ L829, false for 'update' @ L1024, false for 'create' @ L820, false for 'create' @ L1024
	at com.google.cloud.datastore.core.exception.DatastoreException$Builder.build(DatastoreException.java:152)
	at com.google.cloud.datastore.emulator.impl.rules.DefaultEmulatorRulesAuthorizer.verboseError(DefaultEmulatorRulesAuthorizer.java:349)
	at com.google.cloud.datastore.emulator.impl.rules.DefaultEmulatorRulesAuthorizer.withVerboseErrors(DefaultEmulatorRulesAuthorizer.java:326)
	at com.google.cloud.datastore.emulator.impl.rules.DefaultEmulatorRulesAuthorizer.checkCommit(DefaultEmulatorRulesAuthorizer.java:113)
	at com.google.cloud.datastore.emulator.impl.firestore.FirestoreEmulatorHelper.commitHelper(FirestoreEmulatorHelper.java:407)
	at com.google.cloud.datastore.emulator.impl.firestore.FirestoreEmulatorHelper.internalCommit(FirestoreEmulatorHelper.java:348)
	at com.google.cloud.datastore.emulator.impl.firestore.CloudFirestoreV1.commit(CloudFirestoreV1.java:541)
	at com.google.cloud.datastore.emulator.impl.firestore.CloudFirestoreV1Router.commit(CloudFirestoreV1Router.java:177)
	at com.google.cloud.datastore.emulator.firestore.v1.FirestoreV1GrpcAdapter$1.lambda$commit$0(FirestoreV1GrpcAdapter.java:162)
	at com.google.cloud.datastore.emulator.firestore.v1.FirestoreV1GrpcAdapter.unary(FirestoreV1GrpcAdapter.java:72)
	at com.google.cloud.datastore.emulator.firestore.v1.FirestoreV1GrpcAdapter$1.commit(FirestoreV1GrpcAdapter.java:162)
	at com.google.firestore.v1.FirestoreGrpc$MethodHandlers.invoke(FirestoreGrpc.java:1404)
	at io.grpc.stub.ServerCalls$UnaryServerCallHandler$UnaryServerCallListener.onHalfClose(ServerCalls.java:182)
	at io.grpc.PartialForwardingServerCallListener.onHalfClose(PartialForwardingServerCallListener.java:35)
	at io.grpc.ForwardingServerCallListener.onHalfClose(ForwardingServerCallListener.java:23)
	at io.grpc.ForwardingServerCallListener$SimpleForwardingServerCallListener.onHalfClose(ForwardingServerCallListener.java:40)
	at io.grpc.Contexts$ContextualizedServerCallListener.onHalfClose(Contexts.java:86)
	at io.grpc.PartialForwardingServerCallListener.onHalfClose(PartialForwardingServerCallListener.java:35)
	at io.grpc.ForwardingServerCallListener.onHalfClose(ForwardingServerCallListener.java:23)
	at io.grpc.ForwardingServerCallListener$SimpleForwardingServerCallListener.onHalfClose(ForwardingServerCallListener.java:40)
	at io.grpc.Contexts$ContextualizedServerCallListener.onHalfClose(Contexts.java:86)
	at io.grpc.internal.ServerCallImpl$ServerStreamListenerImpl.halfClosed(ServerCallImpl.java:356)
	at io.grpc.internal.ServerImpl$JumpToApplicationThreadServerStreamListener$1HalfClosed.runInContext(ServerImpl.java:879)
	at io.grpc.internal.ContextRunnable.run(ContextRunnable.java:37)
	at io.grpc.internal.SerializingExecutor.run(SerializingExecutor.java:133)
	at java.base/java.util.concurrent.ThreadPoolExecutor.runWorker(ThreadPoolExecutor.java:1144)
	at java.base/java.util.concurrent.ThreadPoolExecutor$Worker.run(ThreadPoolExecutor.java:642)
	at java.base/java.lang.Thread.run(Thread.java:1583)

Sep 15, 2026 6:59:52 PM com.google.cloud.datastore.emulator.impl.util.WrappedStreamObserver onError
WARNING: Operation failed: 
evaluation error at L602:9 for 'update' @ L602, false for 'update' @ L1024, evaluation error at L820:24 for 'create' @ L820, false for 'create' @ L1024, evaluation error at L829:9 for 'update' @ L829, false for 'update' @ L1024, false for 'create' @ L820, false for 'create' @ L1024
com.google.cloud.datastore.core.exception.DatastoreException: 
evaluation error at L602:9 for 'update' @ L602, false for 'update' @ L1024, evaluation error at L820:24 for 'create' @ L820, false for 'create' @ L1024, evaluation error at L829:9 for 'update' @ L829, false for 'update' @ L1024, false for 'create' @ L820, false for 'create' @ L1024
	at com.google.cloud.datastore.core.exception.DatastoreException$Builder.build(DatastoreException.java:152)
	at com.google.cloud.datastore.emulator.impl.rules.DefaultEmulatorRulesAuthorizer.verboseError(DefaultEmulatorRulesAuthorizer.java:349)
	at com.google.cloud.datastore.emulator.impl.rules.DefaultEmulatorRulesAuthorizer.withVerboseErrors(DefaultEmulatorRulesAuthorizer.java:326)
	at com.google.cloud.datastore.emulator.impl.rules.DefaultEmulatorRulesAuthorizer.checkCommit(DefaultEmulatorRulesAuthorizer.java:113)
	at com.google.cloud.datastore.emulator.impl.firestore.FirestoreEmulatorHelper.commitHelper(FirestoreEmulatorHelper.java:407)
	at com.google.cloud.datastore.emulator.impl.firestore.FirestoreEmulatorHelper.internalCommit(FirestoreEmulatorHelper.java:348)
	at com.google.cloud.datastore.emulator.impl.firestore.CloudFirestoreV1.commit(CloudFirestoreV1.java:541)
	at com.google.cloud.datastore.emulator.impl.firestore.CloudFirestoreV1Router.commit(CloudFirestoreV1Router.java:177)
	at com.google.cloud.datastore.emulator.firestore.v1.FirestoreV1GrpcAdapter$1.lambda$commit$0(FirestoreV1GrpcAdapter.java:162)
	at com.google.cloud.datastore.emulator.firestore.v1.FirestoreV1GrpcAdapter.unary(FirestoreV1GrpcAdapter.java:72)
	at com.google.cloud.datastore.emulator.firestore.v1.FirestoreV1GrpcAdapter$1.commit(FirestoreV1GrpcAdapter.java:162)
	at com.google.firestore.v1.FirestoreGrpc$MethodHandlers.invoke(FirestoreGrpc.java:1404)
	at io.grpc.stub.ServerCalls$UnaryServerCallHandler$UnaryServerCallListener.onHalfClose(ServerCalls.java:182)
	at io.grpc.PartialForwardingServerCallListener.onHalfClose(PartialForwardingServerCallListener.java:35)
	at io.grpc.ForwardingServerCallListener.onHalfClose(ForwardingServerCallListener.java:23)
	at io.grpc.ForwardingServerCallListener$SimpleForwardingServerCallListener.onHalfClose(ForwardingServerCallListener.java:40)
	at io.grpc.Contexts$ContextualizedServerCallListener.onHalfClose(Contexts.java:86)
	at io.grpc.PartialForwardingServerCallListener.onHalfClose(PartialForwardingServerCallListener.java:35)
	at io.grpc.ForwardingServerCallListener.onHalfClose(ForwardingServerCallListener.java:23)
	at io.grpc.ForwardingServerCallListener$SimpleForwardingServerCallListener.onHalfClose(ForwardingServerCallListener.java:40)
	at io.grpc.Contexts$ContextualizedServerCallListener.onHalfClose(Contexts.java:86)
	at io.grpc.internal.ServerCallImpl$ServerStreamListenerImpl.halfClosed(ServerCallImpl.java:356)
	at io.grpc.internal.ServerImpl$JumpToApplicationThreadServerStreamListener$1HalfClosed.runInContext(ServerImpl.java:879)
	at io.grpc.internal.ContextRunnable.run(ContextRunnable.java:37)
	at io.grpc.internal.SerializingExecutor.run(SerializingExecutor.java:133)
	at java.base/java.util.concurrent.ThreadPoolExecutor.runWorker(ThreadPoolExecutor.java:1144)
	at java.base/java.util.concurrent.ThreadPoolExecutor$Worker.run(ThreadPoolExecutor.java:642)
	at java.base/java.lang.Thread.run(Thread.java:1583)

Sep 15, 2026 6:59:52 PM com.google.cloud.datastore.emulator.impl.util.WrappedStreamObserver onError
WARNING: Operation failed: 
evaluation error at L602:9 for 'update' @ L602, false for 'update' @ L1024, evaluation error at L820:24 for 'create' @ L820, false for 'create' @ L1024, evaluation error at L829:9 for 'update' @ L829, false for 'update' @ L1024, false for 'create' @ L820, false for 'create' @ L1024
com.google.cloud.datastore.core.exception.DatastoreException: 
evaluation error at L602:9 for 'update' @ L602, false for 'update' @ L1024, evaluation error at L820:24 for 'create' @ L820, false for 'create' @ L1024, evaluation error at L829:9 for 'update' @ L829, false for 'update' @ L1024, false for 'create' @ L820, false for 'create' @ L1024
	at com.google.cloud.datastore.core.exception.DatastoreException$Builder.build(DatastoreException.java:152)
	at com.google.cloud.datastore.emulator.impl.rules.DefaultEmulatorRulesAuthorizer.verboseError(DefaultEmulatorRulesAuthorizer.java:349)
	at com.google.cloud.datastore.emulator.impl.rules.DefaultEmulatorRulesAuthorizer.withVerboseErrors(DefaultEmulatorRulesAuthorizer.java:326)
	at com.google.cloud.datastore.emulator.impl.rules.DefaultEmulatorRulesAuthorizer.checkCommit(DefaultEmulatorRulesAuthorizer.java:113)
	at com.google.cloud.datastore.emulator.impl.firestore.FirestoreEmulatorHelper.commitHelper(FirestoreEmulatorHelper.java:407)
	at com.google.cloud.datastore.emulator.impl.firestore.FirestoreEmulatorHelper.internalCommit(FirestoreEmulatorHelper.java:348)
	at com.google.cloud.datastore.emulator.impl.firestore.CloudFirestoreV1.commit(CloudFirestoreV1.java:541)
	at com.google.cloud.datastore.emulator.impl.firestore.CloudFirestoreV1Router.commit(CloudFirestoreV1Router.java:177)
	at com.google.cloud.datastore.emulator.firestore.v1.FirestoreV1GrpcAdapter$1.lambda$commit$0(FirestoreV1GrpcAdapter.java:162)
	at com.google.cloud.datastore.emulator.firestore.v1.FirestoreV1GrpcAdapter.unary(FirestoreV1GrpcAdapter.java:72)
	at com.google.cloud.datastore.emulator.firestore.v1.FirestoreV1GrpcAdapter$1.commit(FirestoreV1GrpcAdapter.java:162)
	at com.google.firestore.v1.FirestoreGrpc$MethodHandlers.invoke(FirestoreGrpc.java:1404)
	at io.grpc.stub.ServerCalls$UnaryServerCallHandler$UnaryServerCallListener.onHalfClose(ServerCalls.java:182)
	at io.grpc.PartialForwardingServerCallListener.onHalfClose(PartialForwardingServerCallListener.java:35)
	at io.grpc.ForwardingServerCallListener.onHalfClose(ForwardingServerCallListener.java:23)
	at io.grpc.ForwardingServerCallListener$SimpleForwardingServerCallListener.onHalfClose(ForwardingServerCallListener.java:40)
	at io.grpc.Contexts$ContextualizedServerCallListener.onHalfClose(Contexts.java:86)
	at io.grpc.PartialForwardingServerCallListener.onHalfClose(PartialForwardingServerCallListener.java:35)
	at io.grpc.ForwardingServerCallListener.onHalfClose(ForwardingServerCallListener.java:23)
	at io.grpc.ForwardingServerCallListener$SimpleForwardingServerCallListener.onHalfClose(ForwardingServerCallListener.java:40)
	at io.grpc.Contexts$ContextualizedServerCallListener.onHalfClose(Contexts.java:86)
	at io.grpc.internal.ServerCallImpl$ServerStreamListenerImpl.halfClosed(ServerCallImpl.java:356)
	at io.grpc.internal.ServerImpl$JumpToApplicationThreadServerStreamListener$1HalfClosed.runInContext(ServerImpl.java:879)
	at io.grpc.internal.ContextRunnable.run(ContextRunnable.java:37)
	at io.grpc.internal.SerializingExecutor.run(SerializingExecutor.java:133)
	at java.base/java.util.concurrent.ThreadPoolExecutor.runWorker(ThreadPoolExecutor.java:1144)
	at java.base/java.util.concurrent.ThreadPoolExecutor$Worker.run(ThreadPoolExecutor.java:642)
	at java.base/java.lang.Thread.run(Thread.java:1583)

Sep 15, 2026 6:59:52 PM com.google.cloud.datastore.emulator.impl.util.WrappedStreamObserver onError
WARNING: Operation failed: 
evaluation error at L602:9 for 'update' @ L602, false for 'update' @ L1024, evaluation error at L820:24 for 'create' @ L820, false for 'create' @ L1024, evaluation error at L829:9 for 'update' @ L829, false for 'update' @ L1024, false for 'create' @ L820, false for 'create' @ L1024
com.google.cloud.datastore.core.exception.DatastoreException: 
evaluation error at L602:9 for 'update' @ L602, false for 'update' @ L1024, evaluation error at L820:24 for 'create' @ L820, false for 'create' @ L1024, evaluation error at L829:9 for 'update' @ L829, false for 'update' @ L1024, false for 'create' @ L820, false for 'create' @ L1024
	at com.google.cloud.datastore.core.exception.DatastoreException$Builder.build(DatastoreException.java:152)
	at com.google.cloud.datastore.emulator.impl.rules.DefaultEmulatorRulesAuthorizer.verboseError(DefaultEmulatorRulesAuthorizer.java:349)
	at com.google.cloud.datastore.emulator.impl.rules.DefaultEmulatorRulesAuthorizer.withVerboseErrors(DefaultEmulatorRulesAuthorizer.java:326)
	at com.google.cloud.datastore.emulator.impl.rules.DefaultEmulatorRulesAuthorizer.checkCommit(DefaultEmulatorRulesAuthorizer.java:113)
	at com.google.cloud.datastore.emulator.impl.firestore.FirestoreEmulatorHelper.commitHelper(FirestoreEmulatorHelper.java:407)
	at com.google.cloud.datastore.emulator.impl.firestore.FirestoreEmulatorHelper.internalCommit(FirestoreEmulatorHelper.java:348)
	at com.google.cloud.datastore.emulator.impl.firestore.CloudFirestoreV1.commit(CloudFirestoreV1.java:541)
	at com.google.cloud.datastore.emulator.impl.firestore.CloudFirestoreV1Router.commit(CloudFirestoreV1Router.java:177)
	at com.google.cloud.datastore.emulator.firestore.v1.FirestoreV1GrpcAdapter$1.lambda$commit$0(FirestoreV1GrpcAdapter.java:162)
	at com.google.cloud.datastore.emulator.firestore.v1.FirestoreV1GrpcAdapter.unary(FirestoreV1GrpcAdapter.java:72)
	at com.google.cloud.datastore.emulator.firestore.v1.FirestoreV1GrpcAdapter$1.commit(FirestoreV1GrpcAdapter.java:162)
	at com.google.firestore.v1.FirestoreGrpc$MethodHandlers.invoke(FirestoreGrpc.java:1404)
	at io.grpc.stub.ServerCalls$UnaryServerCallHandler$UnaryServerCallListener.onHalfClose(ServerCalls.java:182)
	at io.grpc.PartialForwardingServerCallListener.onHalfClose(PartialForwardingServerCallListener.java:35)
	at io.grpc.ForwardingServerCallListener.onHalfClose(ForwardingServerCallListener.java:23)
	at io.grpc.ForwardingServerCallListener$SimpleForwardingServerCallListener.onHalfClose(ForwardingServerCallListener.java:40)
	at io.grpc.Contexts$ContextualizedServerCallListener.onHalfClose(Contexts.java:86)
	at io.grpc.PartialForwardingServerCallListener.onHalfClose(PartialForwardingServerCallListener.java:35)
	at io.grpc.ForwardingServerCallListener.onHalfClose(ForwardingServerCallListener.java:23)
	at io.grpc.ForwardingServerCallListener$SimpleForwardingServerCallListener.onHalfClose(ForwardingServerCallListener.java:40)
	at io.grpc.Contexts$ContextualizedServerCallListener.onHalfClose(Contexts.java:86)
	at io.grpc.internal.ServerCallImpl$ServerStreamListenerImpl.halfClosed(ServerCallImpl.java:356)
	at io.grpc.internal.ServerImpl$JumpToApplicationThreadServerStreamListener$1HalfClosed.runInContext(ServerImpl.java:879)
	at io.grpc.internal.ContextRunnable.run(ContextRunnable.java:37)
	at io.grpc.internal.SerializingExecutor.run(SerializingExecutor.java:133)
	at java.base/java.util.concurrent.ThreadPoolExecutor.runWorker(ThreadPoolExecutor.java:1144)
	at java.base/java.util.concurrent.ThreadPoolExecutor$Worker.run(ThreadPoolExecutor.java:642)
	at java.base/java.lang.Thread.run(Thread.java:1583)

Sep 15, 2026 6:59:53 PM com.google.cloud.datastore.emulator.impl.util.WrappedStreamObserver onError
WARNING: Operation failed: 
evaluation error at L602:9 for 'update' @ L602, false for 'update' @ L1024, false for 'create' @ L820, false for 'create' @ L1024, false for 'update' @ L829, false for 'update' @ L1024
com.google.cloud.datastore.core.exception.DatastoreException: 
evaluation error at L602:9 for 'update' @ L602, false for 'update' @ L1024, false for 'create' @ L820, false for 'create' @ L1024, false for 'update' @ L829, false for 'update' @ L1024
	at com.google.cloud.datastore.core.exception.DatastoreException$Builder.build(DatastoreException.java:152)
	at com.google.cloud.datastore.emulator.impl.rules.DefaultEmulatorRulesAuthorizer.verboseError(DefaultEmulatorRulesAuthorizer.java:349)
	at com.google.cloud.datastore.emulator.impl.rules.DefaultEmulatorRulesAuthorizer.withVerboseErrors(DefaultEmulatorRulesAuthorizer.java:326)
	at com.google.cloud.datastore.emulator.impl.rules.DefaultEmulatorRulesAuthorizer.checkCommit(DefaultEmulatorRulesAuthorizer.java:113)
	at com.google.cloud.datastore.emulator.impl.firestore.FirestoreEmulatorHelper.commitHelper(FirestoreEmulatorHelper.java:407)
	at com.google.cloud.datastore.emulator.impl.firestore.FirestoreEmulatorHelper.internalCommit(FirestoreEmulatorHelper.java:348)
	at com.google.cloud.datastore.emulator.impl.firestore.CloudFirestoreV1.commit(CloudFirestoreV1.java:541)
	at com.google.cloud.datastore.emulator.impl.firestore.CloudFirestoreV1Router.commit(CloudFirestoreV1Router.java:177)
	at com.google.cloud.datastore.emulator.firestore.v1.FirestoreV1GrpcAdapter$1.lambda$commit$0(FirestoreV1GrpcAdapter.java:162)
	at com.google.cloud.datastore.emulator.firestore.v1.FirestoreV1GrpcAdapter.unary(FirestoreV1GrpcAdapter.java:72)
	at com.google.cloud.datastore.emulator.firestore.v1.FirestoreV1GrpcAdapter$1.commit(FirestoreV1GrpcAdapter.java:162)
	at com.google.firestore.v1.FirestoreGrpc$MethodHandlers.invoke(FirestoreGrpc.java:1404)
	at io.grpc.stub.ServerCalls$UnaryServerCallHandler$UnaryServerCallListener.onHalfClose(ServerCalls.java:182)
	at io.grpc.PartialForwardingServerCallListener.onHalfClose(PartialForwardingServerCallListener.java:35)
	at io.grpc.ForwardingServerCallListener.onHalfClose(ForwardingServerCallListener.java:23)
	at io.grpc.ForwardingServerCallListener$SimpleForwardingServerCallListener.onHalfClose(ForwardingServerCallListener.java:40)
	at io.grpc.Contexts$ContextualizedServerCallListener.onHalfClose(Contexts.java:86)
	at io.grpc.PartialForwardingServerCallListener.onHalfClose(PartialForwardingServerCallListener.java:35)
	at io.grpc.ForwardingServerCallListener.onHalfClose(ForwardingServerCallListener.java:23)
	at io.grpc.ForwardingServerCallListener$SimpleForwardingServerCallListener.onHalfClose(ForwardingServerCallListener.java:40)
	at io.grpc.Contexts$ContextualizedServerCallListener.onHalfClose(Contexts.java:86)
	at io.grpc.internal.ServerCallImpl$ServerStreamListenerImpl.halfClosed(ServerCallImpl.java:356)
	at io.grpc.internal.ServerImpl$JumpToApplicationThreadServerStreamListener$1HalfClosed.runInContext(ServerImpl.java:879)
	at io.grpc.internal.ContextRunnable.run(ContextRunnable.java:37)
	at io.grpc.internal.SerializingExecutor.run(SerializingExecutor.java:133)
	at java.base/java.util.concurrent.ThreadPoolExecutor.runWorker(ThreadPoolExecutor.java:1144)
	at java.base/java.util.concurrent.ThreadPoolExecutor$Worker.run(ThreadPoolExecutor.java:642)
	at java.base/java.lang.Thread.run(Thread.java:1583)

Sep 15, 2026 6:59:53 PM com.google.cloud.datastore.emulator.impl.util.WrappedStreamObserver onError
WARNING: Operation failed: 
evaluation error at L602:9 for 'update' @ L602, false for 'update' @ L1024, evaluation error at L820:24 for 'create' @ L820, false for 'create' @ L1024, evaluation error at L829:9 for 'update' @ L829, false for 'update' @ L1024, false for 'update' @ L602, false for 'update' @ L1024
com.google.cloud.datastore.core.exception.DatastoreException: 
evaluation error at L602:9 for 'update' @ L602, false for 'update' @ L1024, evaluation error at L820:24 for 'create' @ L820, false for 'create' @ L1024, evaluation error at L829:9 for 'update' @ L829, false for 'update' @ L1024, false for 'update' @ L602, false for 'update' @ L1024
	at com.google.cloud.datastore.core.exception.DatastoreException$Builder.build(DatastoreException.java:152)
	at com.google.cloud.datastore.emulator.impl.rules.DefaultEmulatorRulesAuthorizer.verboseError(DefaultEmulatorRulesAuthorizer.java:349)
	at com.google.cloud.datastore.emulator.impl.rules.DefaultEmulatorRulesAuthorizer.withVerboseErrors(DefaultEmulatorRulesAuthorizer.java:326)
	at com.google.cloud.datastore.emulator.impl.rules.DefaultEmulatorRulesAuthorizer.checkCommit(DefaultEmulatorRulesAuthorizer.java:113)
	at com.google.cloud.datastore.emulator.impl.firestore.FirestoreEmulatorHelper.commitHelper(FirestoreEmulatorHelper.java:407)
	at com.google.cloud.datastore.emulator.impl.firestore.FirestoreEmulatorHelper.internalCommit(FirestoreEmulatorHelper.java:348)
	at com.google.cloud.datastore.emulator.impl.firestore.CloudFirestoreV1.commit(CloudFirestoreV1.java:541)
	at com.google.cloud.datastore.emulator.impl.firestore.CloudFirestoreV1Router.commit(CloudFirestoreV1Router.java:177)
	at com.google.cloud.datastore.emulator.firestore.v1.FirestoreV1GrpcAdapter$1.lambda$commit$0(FirestoreV1GrpcAdapter.java:162)
	at com.google.cloud.datastore.emulator.firestore.v1.FirestoreV1GrpcAdapter.unary(FirestoreV1GrpcAdapter.java:72)
	at com.google.cloud.datastore.emulator.firestore.v1.FirestoreV1GrpcAdapter$1.commit(FirestoreV1GrpcAdapter.java:162)
	at com.google.firestore.v1.FirestoreGrpc$MethodHandlers.invoke(FirestoreGrpc.java:1404)
	at io.grpc.stub.ServerCalls$UnaryServerCallHandler$UnaryServerCallListener.onHalfClose(ServerCalls.java:182)
	at io.grpc.PartialForwardingServerCallListener.onHalfClose(PartialForwardingServerCallListener.java:35)
	at io.grpc.ForwardingServerCallListener.onHalfClose(ForwardingServerCallListener.java:23)
	at io.grpc.ForwardingServerCallListener$SimpleForwardingServerCallListener.onHalfClose(ForwardingServerCallListener.java:40)
	at io.grpc.Contexts$ContextualizedServerCallListener.onHalfClose(Contexts.java:86)
	at io.grpc.PartialForwardingServerCallListener.onHalfClose(PartialForwardingServerCallListener.java:35)
	at io.grpc.ForwardingServerCallListener.onHalfClose(ForwardingServerCallListener.java:23)
	at io.grpc.ForwardingServerCallListener$SimpleForwardingServerCallListener.onHalfClose(ForwardingServerCallListener.java:40)
	at io.grpc.Contexts$ContextualizedServerCallListener.onHalfClose(Contexts.java:86)
	at io.grpc.internal.ServerCallImpl$ServerStreamListenerImpl.halfClosed(ServerCallImpl.java:356)
	at io.grpc.internal.ServerImpl$JumpToApplicationThreadServerStreamListener$1HalfClosed.runInContext(ServerImpl.java:879)
	at io.grpc.internal.ContextRunnable.run(ContextRunnable.java:37)
	at io.grpc.internal.SerializingExecutor.run(SerializingExecutor.java:133)
	at java.base/java.util.concurrent.ThreadPoolExecutor.runWorker(ThreadPoolExecutor.java:1144)
	at java.base/java.util.concurrent.ThreadPoolExecutor$Worker.run(ThreadPoolExecutor.java:642)
	at java.base/java.lang.Thread.run(Thread.java:1583)

Sep 15, 2026 6:59:53 PM com.google.cloud.datastore.emulator.impl.util.WrappedStreamObserver onError
WARNING: Operation failed: 
evaluation error at L602:9 for 'update' @ L602, false for 'update' @ L1024, evaluation error at L820:24 for 'create' @ L820, false for 'create' @ L1024, evaluation error at L829:9 for 'update' @ L829, false for 'update' @ L1024, false for 'create' @ L820, false for 'create' @ L1024
com.google.cloud.datastore.core.exception.DatastoreException: 
evaluation error at L602:9 for 'update' @ L602, false for 'update' @ L1024, evaluation error at L820:24 for 'create' @ L820, false for 'create' @ L1024, evaluation error at L829:9 for 'update' @ L829, false for 'update' @ L1024, false for 'create' @ L820, false for 'create' @ L1024
	at com.google.cloud.datastore.core.exception.DatastoreException$Builder.build(DatastoreException.java:152)
	at com.google.cloud.datastore.emulator.impl.rules.DefaultEmulatorRulesAuthorizer.verboseError(DefaultEmulatorRulesAuthorizer.java:349)
	at com.google.cloud.datastore.emulator.impl.rules.DefaultEmulatorRulesAuthorizer.withVerboseErrors(DefaultEmulatorRulesAuthorizer.java:326)
	at com.google.cloud.datastore.emulator.impl.rules.DefaultEmulatorRulesAuthorizer.checkCommit(DefaultEmulatorRulesAuthorizer.java:113)
	at com.google.cloud.datastore.emulator.impl.firestore.FirestoreEmulatorHelper.commitHelper(FirestoreEmulatorHelper.java:407)
	at com.google.cloud.datastore.emulator.impl.firestore.FirestoreEmulatorHelper.internalCommit(FirestoreEmulatorHelper.java:348)
	at com.google.cloud.datastore.emulator.impl.firestore.CloudFirestoreV1.commit(CloudFirestoreV1.java:541)
	at com.google.cloud.datastore.emulator.impl.firestore.CloudFirestoreV1Router.commit(CloudFirestoreV1Router.java:177)
	at com.google.cloud.datastore.emulator.firestore.v1.FirestoreV1GrpcAdapter$1.lambda$commit$0(FirestoreV1GrpcAdapter.java:162)
	at com.google.cloud.datastore.emulator.firestore.v1.FirestoreV1GrpcAdapter.unary(FirestoreV1GrpcAdapter.java:72)
	at com.google.cloud.datastore.emulator.firestore.v1.FirestoreV1GrpcAdapter$1.commit(FirestoreV1GrpcAdapter.java:162)
	at com.google.firestore.v1.FirestoreGrpc$MethodHandlers.invoke(FirestoreGrpc.java:1404)
	at io.grpc.stub.ServerCalls$UnaryServerCallHandler$UnaryServerCallListener.onHalfClose(ServerCalls.java:182)
	at io.grpc.PartialForwardingServerCallListener.onHalfClose(PartialForwardingServerCallListener.java:35)
	at io.grpc.ForwardingServerCallListener.onHalfClose(ForwardingServerCallListener.java:23)
	at io.grpc.ForwardingServerCallListener$SimpleForwardingServerCallListener.onHalfClose(ForwardingServerCallListener.java:40)
	at io.grpc.Contexts$ContextualizedServerCallListener.onHalfClose(Contexts.java:86)
	at io.grpc.PartialForwardingServerCallListener.onHalfClose(PartialForwardingServerCallListener.java:35)
	at io.grpc.ForwardingServerCallListener.onHalfClose(ForwardingServerCallListener.java:23)
	at io.grpc.ForwardingServerCallListener$SimpleForwardingServerCallListener.onHalfClose(ForwardingServerCallListener.java:40)
	at io.grpc.Contexts$ContextualizedServerCallListener.onHalfClose(Contexts.java:86)
	at io.grpc.internal.ServerCallImpl$ServerStreamListenerImpl.halfClosed(ServerCallImpl.java:356)
	at io.grpc.internal.ServerImpl$JumpToApplicationThreadServerStreamListener$1HalfClosed.runInContext(ServerImpl.java:879)
	at io.grpc.internal.ContextRunnable.run(ContextRunnable.java:37)
	at io.grpc.internal.SerializingExecutor.run(SerializingExecutor.java:133)
	at java.base/java.util.concurrent.ThreadPoolExecutor.runWorker(ThreadPoolExecutor.java:1144)
	at java.base/java.util.concurrent.ThreadPoolExecutor$Worker.run(ThreadPoolExecutor.java:642)
	at java.base/java.lang.Thread.run(Thread.java:1583)

Sep 15, 2026 6:59:54 PM com.google.cloud.datastore.emulator.impl.util.WrappedStreamObserver onError
WARNING: Operation failed: 
evaluation error at L602:9 for 'update' @ L602, false for 'update' @ L1024, evaluation error at L820:24 for 'create' @ L820, false for 'create' @ L1024, evaluation error at L829:9 for 'update' @ L829, false for 'update' @ L1024, false for 'create' @ L820, false for 'create' @ L1024
com.google.cloud.datastore.core.exception.DatastoreException: 
evaluation error at L602:9 for 'update' @ L602, false for 'update' @ L1024, evaluation error at L820:24 for 'create' @ L820, false for 'create' @ L1024, evaluation error at L829:9 for 'update' @ L829, false for 'update' @ L1024, false for 'create' @ L820, false for 'create' @ L1024
	at com.google.cloud.datastore.core.exception.DatastoreException$Builder.build(DatastoreException.java:152)
	at com.google.cloud.datastore.emulator.impl.rules.DefaultEmulatorRulesAuthorizer.verboseError(DefaultEmulatorRulesAuthorizer.java:349)
	at com.google.cloud.datastore.emulator.impl.rules.DefaultEmulatorRulesAuthorizer.withVerboseErrors(DefaultEmulatorRulesAuthorizer.java:326)
	at com.google.cloud.datastore.emulator.impl.rules.DefaultEmulatorRulesAuthorizer.checkCommit(DefaultEmulatorRulesAuthorizer.java:113)
	at com.google.cloud.datastore.emulator.impl.firestore.FirestoreEmulatorHelper.commitHelper(FirestoreEmulatorHelper.java:407)
	at com.google.cloud.datastore.emulator.impl.firestore.FirestoreEmulatorHelper.internalCommit(FirestoreEmulatorHelper.java:348)
	at com.google.cloud.datastore.emulator.impl.firestore.CloudFirestoreV1.commit(CloudFirestoreV1.java:541)
	at com.google.cloud.datastore.emulator.impl.firestore.CloudFirestoreV1Router.commit(CloudFirestoreV1Router.java:177)
	at com.google.cloud.datastore.emulator.firestore.v1.FirestoreV1GrpcAdapter$1.lambda$commit$0(FirestoreV1GrpcAdapter.java:162)
	at com.google.cloud.datastore.emulator.firestore.v1.FirestoreV1GrpcAdapter.unary(FirestoreV1GrpcAdapter.java:72)
	at com.google.cloud.datastore.emulator.firestore.v1.FirestoreV1GrpcAdapter$1.commit(FirestoreV1GrpcAdapter.java:162)
	at com.google.firestore.v1.FirestoreGrpc$MethodHandlers.invoke(FirestoreGrpc.java:1404)
	at io.grpc.stub.ServerCalls$UnaryServerCallHandler$UnaryServerCallListener.onHalfClose(ServerCalls.java:182)
	at io.grpc.PartialForwardingServerCallListener.onHalfClose(PartialForwardingServerCallListener.java:35)
	at io.grpc.ForwardingServerCallListener.onHalfClose(ForwardingServerCallListener.java:23)
	at io.grpc.ForwardingServerCallListener$SimpleForwardingServerCallListener.onHalfClose(ForwardingServerCallListener.java:40)
	at io.grpc.Contexts$ContextualizedServerCallListener.onHalfClose(Contexts.java:86)
	at io.grpc.PartialForwardingServerCallListener.onHalfClose(PartialForwardingServerCallListener.java:35)
	at io.grpc.ForwardingServerCallListener.onHalfClose(ForwardingServerCallListener.java:23)
	at io.grpc.ForwardingServerCallListener$SimpleForwardingServerCallListener.onHalfClose(ForwardingServerCallListener.java:40)
	at io.grpc.Contexts$ContextualizedServerCallListener.onHalfClose(Contexts.java:86)
	at io.grpc.internal.ServerCallImpl$ServerStreamListenerImpl.halfClosed(ServerCallImpl.java:356)
	at io.grpc.internal.ServerImpl$JumpToApplicationThreadServerStreamListener$1HalfClosed.runInContext(ServerImpl.java:879)
	at io.grpc.internal.ContextRunnable.run(ContextRunnable.java:37)
	at io.grpc.internal.SerializingExecutor.run(SerializingExecutor.java:133)
	at java.base/java.util.concurrent.ThreadPoolExecutor.runWorker(ThreadPoolExecutor.java:1144)
	at java.base/java.util.concurrent.ThreadPoolExecutor$Worker.run(ThreadPoolExecutor.java:642)
	at java.base/java.lang.Thread.run(Thread.java:1583)

Sep 15, 2026 6:59:54 PM com.google.cloud.datastore.emulator.impl.util.WrappedStreamObserver onError
WARNING: Operation failed: 
evaluation error at L602:9 for 'update' @ L602, false for 'update' @ L1024, false for 'create' @ L820, false for 'create' @ L1024, false for 'update' @ L829, false for 'update' @ L1024
com.google.cloud.datastore.core.exception.DatastoreException: 
evaluation error at L602:9 for 'update' @ L602, false for 'update' @ L1024, false for 'create' @ L820, false for 'create' @ L1024, false for 'update' @ L829, false for 'update' @ L1024
	at com.google.cloud.datastore.core.exception.DatastoreException$Builder.build(DatastoreException.java:152)
	at com.google.cloud.datastore.emulator.impl.rules.DefaultEmulatorRulesAuthorizer.verboseError(DefaultEmulatorRulesAuthorizer.java:349)
	at com.google.cloud.datastore.emulator.impl.rules.DefaultEmulatorRulesAuthorizer.withVerboseErrors(DefaultEmulatorRulesAuthorizer.java:326)
	at com.google.cloud.datastore.emulator.impl.rules.DefaultEmulatorRulesAuthorizer.checkCommit(DefaultEmulatorRulesAuthorizer.java:113)
	at com.google.cloud.datastore.emulator.impl.firestore.FirestoreEmulatorHelper.commitHelper(FirestoreEmulatorHelper.java:407)
	at com.google.cloud.datastore.emulator.impl.firestore.FirestoreEmulatorHelper.internalCommit(FirestoreEmulatorHelper.java:348)
	at com.google.cloud.datastore.emulator.impl.firestore.CloudFirestoreV1.commit(CloudFirestoreV1.java:541)
	at com.google.cloud.datastore.emulator.impl.firestore.CloudFirestoreV1Router.commit(CloudFirestoreV1Router.java:177)
	at com.google.cloud.datastore.emulator.firestore.v1.FirestoreV1GrpcAdapter$1.lambda$commit$0(FirestoreV1GrpcAdapter.java:162)
	at com.google.cloud.datastore.emulator.firestore.v1.FirestoreV1GrpcAdapter.unary(FirestoreV1GrpcAdapter.java:72)
	at com.google.cloud.datastore.emulator.firestore.v1.FirestoreV1GrpcAdapter$1.commit(FirestoreV1GrpcAdapter.java:162)
	at com.google.firestore.v1.FirestoreGrpc$MethodHandlers.invoke(FirestoreGrpc.java:1404)
	at io.grpc.stub.ServerCalls$UnaryServerCallHandler$UnaryServerCallListener.onHalfClose(ServerCalls.java:182)
	at io.grpc.PartialForwardingServerCallListener.onHalfClose(PartialForwardingServerCallListener.java:35)
	at io.grpc.ForwardingServerCallListener.onHalfClose(ForwardingServerCallListener.java:23)
	at io.grpc.ForwardingServerCallListener$SimpleForwardingServerCallListener.onHalfClose(ForwardingServerCallListener.java:40)
	at io.grpc.Contexts$ContextualizedServerCallListener.onHalfClose(Contexts.java:86)
	at io.grpc.PartialForwardingServerCallListener.onHalfClose(PartialForwardingServerCallListener.java:35)
	at io.grpc.ForwardingServerCallListener.onHalfClose(ForwardingServerCallListener.java:23)
	at io.grpc.ForwardingServerCallListener$SimpleForwardingServerCallListener.onHalfClose(ForwardingServerCallListener.java:40)
	at io.grpc.Contexts$ContextualizedServerCallListener.onHalfClose(Contexts.java:86)
	at io.grpc.internal.ServerCallImpl$ServerStreamListenerImpl.halfClosed(ServerCallImpl.java:356)
	at io.grpc.internal.ServerImpl$JumpToApplicationThreadServerStreamListener$1HalfClosed.runInContext(ServerImpl.java:879)
	at io.grpc.internal.ContextRunnable.run(ContextRunnable.java:37)
	at io.grpc.internal.SerializingExecutor.run(SerializingExecutor.java:133)
	at java.base/java.util.concurrent.ThreadPoolExecutor.runWorker(ThreadPoolExecutor.java:1144)
	at java.base/java.util.concurrent.ThreadPoolExecutor$Worker.run(ThreadPoolExecutor.java:642)
	at java.base/java.lang.Thread.run(Thread.java:1583)

Sep 15, 2026 6:59:54 PM com.google.cloud.datastore.emulator.impl.util.WrappedStreamObserver onError
WARNING: Operation failed: 
evaluation error at L602:9 for 'update' @ L602, false for 'update' @ L1024, Null value error. for 'update' @ L602, false for 'update' @ L1024
com.google.cloud.datastore.core.exception.DatastoreException: 
evaluation error at L602:9 for 'update' @ L602, false for 'update' @ L1024, Null value error. for 'update' @ L602, false for 'update' @ L1024
	at com.google.cloud.datastore.core.exception.DatastoreException$Builder.build(DatastoreException.java:152)
	at com.google.cloud.datastore.emulator.impl.rules.DefaultEmulatorRulesAuthorizer.verboseError(DefaultEmulatorRulesAuthorizer.java:349)
	at com.google.cloud.datastore.emulator.impl.rules.DefaultEmulatorRulesAuthorizer.withVerboseErrors(DefaultEmulatorRulesAuthorizer.java:326)
	at com.google.cloud.datastore.emulator.impl.rules.DefaultEmulatorRulesAuthorizer.checkCommit(DefaultEmulatorRulesAuthorizer.java:113)
	at com.google.cloud.datastore.emulator.impl.firestore.FirestoreEmulatorHelper.commitHelper(FirestoreEmulatorHelper.java:407)
	at com.google.cloud.datastore.emulator.impl.firestore.FirestoreEmulatorHelper.internalCommit(FirestoreEmulatorHelper.java:348)
	at com.google.cloud.datastore.emulator.impl.firestore.CloudFirestoreV1.internalCommit(CloudFirestoreV1.java:1336)
	at com.google.cloud.datastore.emulator.impl.firestore.CloudFirestoreV1.write(CloudFirestoreV1.java:1321)
	at com.google.cloud.datastore.emulator.impl.firestore.CloudFirestoreV1WriteStream.handleRequest(CloudFirestoreV1WriteStream.java:222)
	at com.google.cloud.datastore.emulator.impl.firestore.CloudFirestoreV1WriteStream.write(CloudFirestoreV1WriteStream.java:144)
	at com.google.cloud.datastore.emulator.impl.firestore.CloudFirestoreV1WriteStream.onNext(CloudFirestoreV1WriteStream.java:99)
	at com.google.cloud.datastore.emulator.impl.firestore.CloudFirestoreV1WriteStream.onNext(CloudFirestoreV1WriteStream.java:27)
	at io.grpc.stub.ServerCalls$StreamingServerCallHandler$StreamingServerCallListener.onMessage(ServerCalls.java:262)
	at io.grpc.ForwardingServerCallListener.onMessage(ForwardingServerCallListener.java:33)
	at io.grpc.Contexts$ContextualizedServerCallListener.onMessage(Contexts.java:76)
	at io.grpc.ForwardingServerCallListener.onMessage(ForwardingServerCallListener.java:33)
	at io.grpc.Contexts$ContextualizedServerCallListener.onMessage(Contexts.java:76)
	at io.grpc.internal.ServerCallImpl$ServerStreamListenerImpl.messagesAvailableInternal(ServerCallImpl.java:334)
	at io.grpc.internal.ServerCallImpl$ServerStreamListenerImpl.messagesAvailable(ServerCallImpl.java:319)
	at io.grpc.internal.ServerImpl$JumpToApplicationThreadServerStreamListener$1MessagesAvailable.runInContext(ServerImpl.java:852)
	at io.grpc.internal.ContextRunnable.run(ContextRunnable.java:37)
	at io.grpc.internal.SerializingExecutor.run(SerializingExecutor.java:133)
	at java.base/java.util.concurrent.ThreadPoolExecutor.runWorker(ThreadPoolExecutor.java:1144)
	at java.base/java.util.concurrent.ThreadPoolExecutor$Worker.run(ThreadPoolExecutor.java:642)
	at java.base/java.lang.Thread.run(Thread.java:1583)
Caused by: com.google.firebase.rules.runtime.common.EvaluationException: Error:  line [557], column [16]. Null value error.
	at com.google.firebase.rules.runtime.impl.DefaultEvaluator$TransformEvaluationException.apply(DefaultEvaluator.java:275)
	at com.google.firebase.rules.runtime.impl.DefaultEvaluator$TransformEvaluationException.apply(DefaultEvaluator.java:261)
	at com.google.common.util.concurrent.AbstractCatchingFuture$AsyncCatchingFuture.doFallback(AbstractCatchingFuture.java:207)
	at com.google.common.util.concurrent.AbstractCatchingFuture$AsyncCatchingFuture.doFallback(AbstractCatchingFuture.java:194)
	at com.google.common.util.concurrent.AbstractCatchingFuture.run(AbstractCatchingFuture.java:136)
	at com.google.common.util.concurrent.DirectExecutor.execute(DirectExecutor.java:30)
	at com.google.common.util.concurrent.AbstractFuture.executeListener(AbstractFuture.java:1045)
	at com.google.common.util.concurrent.AbstractFuture.addListener(AbstractFuture.java:492)
	at com.google.common.util.concurrent.FluentFuture$TrustedFuture.addListener(FluentFuture.java:122)
	at com.google.common.util.concurrent.AbstractCatchingFuture.createAsync(AbstractCatchingFuture.java:58)
	at com.google.common.util.concurrent.Futures.catchingAsync(Futures.java:411)
	at com.google.firebase.rules.runtime.impl.DefaultEvaluator.evaluate(DefaultEvaluator.java:177)
	at com.google.cloud.datastore.emulator.impl.rules.EmulatorRuleClient$EmulatorRuleEvaluator.evaluate(EmulatorRuleClient.java:88)
	at com.google.cloud.datastore.core.auth.rules.AsyncTwoPhaseRulesAuthorizer.lambda$fullEvaluate$0(AsyncTwoPhaseRulesAuthorizer.java:993)
	at com.google.cloud.datastore.computation.Computation.tryCatch(Computation.java:472)
	at com.google.cloud.datastore.core.auth.rules.AsyncTwoPhaseRulesAuthorizer.fullEvaluate(AsyncTwoPhaseRulesAuthorizer.java:992)
	at com.google.cloud.datastore.core.auth.rules.AsyncTwoPhaseRulesAuthorizer$WriteAuthorizerImpl.lambda$checkWrite$0(AsyncTwoPhaseRulesAuthorizer.java:1227)
	at com.google.cloud.datastore.computation.Computation.lambda$tryClose$1(Computation.java:741)
	at com.google.cloud.datastore.computation.Computation.tryCatch(Computation.java:472)
	at com.google.cloud.datastore.computation.Computation.tryFinally(Computation.java:708)
	at com.google.cloud.datastore.computation.Computation.tryFinally(Computation.java:714)
	at com.google.cloud.datastore.computation.Computation.tryClose(Computation.java:741)
	at com.google.cloud.datastore.core.auth.rules.AsyncTwoPhaseRulesAuthorizer$WriteAuthorizerImpl.checkWrite(AsyncTwoPhaseRulesAuthorizer.java:1199)
	at com.google.cloud.datastore.emulator.impl.rules.DefaultEmulatorRulesAuthorizer.lambda$checkCommit$2(DefaultEmulatorRulesAuthorizer.java:124)
	at com.google.cloud.datastore.computation.Computation.run(Computation.java:82)
	at com.google.cloud.datastore.computation.Computation$Terminated.toFuture(Computation.java:950)
	at com.google.cloud.datastore.computation.Computation.toFuture(Computation.java:93)
	at com.google.cloud.datastore.emulator.impl.rules.DefaultEmulatorRulesAuthorizer.finish(DefaultEmulatorRulesAuthorizer.java:308)
	at com.google.cloud.datastore.emulator.impl.rules.DefaultEmulatorRulesAuthorizer.lambda$checkCommit$0(DefaultEmulatorRulesAuthorizer.java:122)
	at com.google.cloud.datastore.emulator.impl.rules.DefaultEmulatorRulesAuthorizer.withVerboseErrors(DefaultEmulatorRulesAuthorizer.java:321)
	... 22 more

Sep 15, 2026 6:59:55 PM com.google.cloud.datastore.emulator.impl.util.WrappedStreamObserver onError
WARNING: Operation failed: 
evaluation error at L602:9 for 'update' @ L602, false for 'update' @ L1024, evaluation error at L820:24 for 'create' @ L820, false for 'create' @ L1024, evaluation error at L829:9 for 'update' @ L829, false for 'update' @ L1024, false for 'create' @ L820, false for 'create' @ L1024
com.google.cloud.datastore.core.exception.DatastoreException: 
evaluation error at L602:9 for 'update' @ L602, false for 'update' @ L1024, evaluation error at L820:24 for 'create' @ L820, false for 'create' @ L1024, evaluation error at L829:9 for 'update' @ L829, false for 'update' @ L1024, false for 'create' @ L820, false for 'create' @ L1024
	at com.google.cloud.datastore.core.exception.DatastoreException$Builder.build(DatastoreException.java:152)
	at com.google.cloud.datastore.emulator.impl.rules.DefaultEmulatorRulesAuthorizer.verboseError(DefaultEmulatorRulesAuthorizer.java:349)
	at com.google.cloud.datastore.emulator.impl.rules.DefaultEmulatorRulesAuthorizer.withVerboseErrors(DefaultEmulatorRulesAuthorizer.java:326)
	at com.google.cloud.datastore.emulator.impl.rules.DefaultEmulatorRulesAuthorizer.checkCommit(DefaultEmulatorRulesAuthorizer.java:113)
	at com.google.cloud.datastore.emulator.impl.firestore.FirestoreEmulatorHelper.commitHelper(FirestoreEmulatorHelper.java:407)
	at com.google.cloud.datastore.emulator.impl.firestore.FirestoreEmulatorHelper.internalCommit(FirestoreEmulatorHelper.java:348)
	at com.google.cloud.datastore.emulator.impl.firestore.CloudFirestoreV1.commit(CloudFirestoreV1.java:541)
	at com.google.cloud.datastore.emulator.impl.firestore.CloudFirestoreV1Router.commit(CloudFirestoreV1Router.java:177)
	at com.google.cloud.datastore.emulator.firestore.v1.FirestoreV1GrpcAdapter$1.lambda$commit$0(FirestoreV1GrpcAdapter.java:162)
	at com.google.cloud.datastore.emulator.firestore.v1.FirestoreV1GrpcAdapter.unary(FirestoreV1GrpcAdapter.java:72)
	at com.google.cloud.datastore.emulator.firestore.v1.FirestoreV1GrpcAdapter$1.commit(FirestoreV1GrpcAdapter.java:162)
	at com.google.firestore.v1.FirestoreGrpc$MethodHandlers.invoke(FirestoreGrpc.java:1404)
	at io.grpc.stub.ServerCalls$UnaryServerCallHandler$UnaryServerCallListener.onHalfClose(ServerCalls.java:182)
	at io.grpc.PartialForwardingServerCallListener.onHalfClose(PartialForwardingServerCallListener.java:35)
	at io.grpc.ForwardingServerCallListener.onHalfClose(ForwardingServerCallListener.java:23)
	at io.grpc.ForwardingServerCallListener$SimpleForwardingServerCallListener.onHalfClose(ForwardingServerCallListener.java:40)
	at io.grpc.Contexts$ContextualizedServerCallListener.onHalfClose(Contexts.java:86)
	at io.grpc.PartialForwardingServerCallListener.onHalfClose(PartialForwardingServerCallListener.java:35)
	at io.grpc.ForwardingServerCallListener.onHalfClose(ForwardingServerCallListener.java:23)
	at io.grpc.ForwardingServerCallListener$SimpleForwardingServerCallListener.onHalfClose(ForwardingServerCallListener.java:40)
	at io.grpc.Contexts$ContextualizedServerCallListener.onHalfClose(Contexts.java:86)
	at io.grpc.internal.ServerCallImpl$ServerStreamListenerImpl.halfClosed(ServerCallImpl.java:356)
	at io.grpc.internal.ServerImpl$JumpToApplicationThreadServerStreamListener$1HalfClosed.runInContext(ServerImpl.java:879)
	at io.grpc.internal.ContextRunnable.run(ContextRunnable.java:37)
	at io.grpc.internal.SerializingExecutor.run(SerializingExecutor.java:133)
	at java.base/java.util.concurrent.ThreadPoolExecutor.runWorker(ThreadPoolExecutor.java:1144)
	at java.base/java.util.concurrent.ThreadPoolExecutor$Worker.run(ThreadPoolExecutor.java:642)
	at java.base/java.lang.Thread.run(Thread.java:1583)

Sep 15, 2026 6:59:55 PM com.google.cloud.datastore.emulator.impl.util.WrappedStreamObserver onError
WARNING: Operation failed: 
evaluation error at L602:9 for 'update' @ L602, false for 'update' @ L1024, evaluation error at L820:24 for 'create' @ L820, false for 'create' @ L1024, evaluation error at L829:9 for 'update' @ L829, false for 'update' @ L1024, false for 'create' @ L820, false for 'create' @ L1024
com.google.cloud.datastore.core.exception.DatastoreException: 
evaluation error at L602:9 for 'update' @ L602, false for 'update' @ L1024, evaluation error at L820:24 for 'create' @ L820, false for 'create' @ L1024, evaluation error at L829:9 for 'update' @ L829, false for 'update' @ L1024, false for 'create' @ L820, false for 'create' @ L1024
	at com.google.cloud.datastore.core.exception.DatastoreException$Builder.build(DatastoreException.java:152)
	at com.google.cloud.datastore.emulator.impl.rules.DefaultEmulatorRulesAuthorizer.verboseError(DefaultEmulatorRulesAuthorizer.java:349)
	at com.google.cloud.datastore.emulator.impl.rules.DefaultEmulatorRulesAuthorizer.withVerboseErrors(DefaultEmulatorRulesAuthorizer.java:326)
	at com.google.cloud.datastore.emulator.impl.rules.DefaultEmulatorRulesAuthorizer.checkCommit(DefaultEmulatorRulesAuthorizer.java:113)
	at com.google.cloud.datastore.emulator.impl.firestore.FirestoreEmulatorHelper.commitHelper(FirestoreEmulatorHelper.java:407)
	at com.google.cloud.datastore.emulator.impl.firestore.FirestoreEmulatorHelper.internalCommit(FirestoreEmulatorHelper.java:348)
	at com.google.cloud.datastore.emulator.impl.firestore.CloudFirestoreV1.commit(CloudFirestoreV1.java:541)
	at com.google.cloud.datastore.emulator.impl.firestore.CloudFirestoreV1Router.commit(CloudFirestoreV1Router.java:177)
	at com.google.cloud.datastore.emulator.firestore.v1.FirestoreV1GrpcAdapter$1.lambda$commit$0(FirestoreV1GrpcAdapter.java:162)
	at com.google.cloud.datastore.emulator.firestore.v1.FirestoreV1GrpcAdapter.unary(FirestoreV1GrpcAdapter.java:72)
	at com.google.cloud.datastore.emulator.firestore.v1.FirestoreV1GrpcAdapter$1.commit(FirestoreV1GrpcAdapter.java:162)
	at com.google.firestore.v1.FirestoreGrpc$MethodHandlers.invoke(FirestoreGrpc.java:1404)
	at io.grpc.stub.ServerCalls$UnaryServerCallHandler$UnaryServerCallListener.onHalfClose(ServerCalls.java:182)
	at io.grpc.PartialForwardingServerCallListener.onHalfClose(PartialForwardingServerCallListener.java:35)
	at io.grpc.ForwardingServerCallListener.onHalfClose(ForwardingServerCallListener.java:23)
	at io.grpc.ForwardingServerCallListener$SimpleForwardingServerCallListener.onHalfClose(ForwardingServerCallListener.java:40)
	at io.grpc.Contexts$ContextualizedServerCallListener.onHalfClose(Contexts.java:86)
	at io.grpc.PartialForwardingServerCallListener.onHalfClose(PartialForwardingServerCallListener.java:35)
	at io.grpc.ForwardingServerCallListener.onHalfClose(ForwardingServerCallListener.java:23)
	at io.grpc.ForwardingServerCallListener$SimpleForwardingServerCallListener.onHalfClose(ForwardingServerCallListener.java:40)
	at io.grpc.Contexts$ContextualizedServerCallListener.onHalfClose(Contexts.java:86)
	at io.grpc.internal.ServerCallImpl$ServerStreamListenerImpl.halfClosed(ServerCallImpl.java:356)
	at io.grpc.internal.ServerImpl$JumpToApplicationThreadServerStreamListener$1HalfClosed.runInContext(ServerImpl.java:879)
	at io.grpc.internal.ContextRunnable.run(ContextRunnable.java:37)
	at io.grpc.internal.SerializingExecutor.run(SerializingExecutor.java:133)
	at java.base/java.util.concurrent.ThreadPoolExecutor.runWorker(ThreadPoolExecutor.java:1144)
	at java.base/java.util.concurrent.ThreadPoolExecutor$Worker.run(ThreadPoolExecutor.java:642)
	at java.base/java.lang.Thread.run(Thread.java:1583)

Sep 15, 2026 6:59:56 PM com.google.cloud.datastore.emulator.impl.util.WrappedStreamObserver onError
WARNING: Operation failed: 
evaluation error at L602:9 for 'update' @ L602, false for 'update' @ L1024, evaluation error at L829:9 for 'update' @ L829, false for 'update' @ L1024, false for 'update' @ L829, false for 'update' @ L1024
com.google.cloud.datastore.core.exception.DatastoreException: 
evaluation error at L602:9 for 'update' @ L602, false for 'update' @ L1024, evaluation error at L829:9 for 'update' @ L829, false for 'update' @ L1024, false for 'update' @ L829, false for 'update' @ L1024
	at com.google.cloud.datastore.core.exception.DatastoreException$Builder.build(DatastoreException.java:152)
	at com.google.cloud.datastore.emulator.impl.rules.DefaultEmulatorRulesAuthorizer.verboseError(DefaultEmulatorRulesAuthorizer.java:349)
	at com.google.cloud.datastore.emulator.impl.rules.DefaultEmulatorRulesAuthorizer.withVerboseErrors(DefaultEmulatorRulesAuthorizer.java:326)
	at com.google.cloud.datastore.emulator.impl.rules.DefaultEmulatorRulesAuthorizer.checkCommit(DefaultEmulatorRulesAuthorizer.java:113)
	at com.google.cloud.datastore.emulator.impl.firestore.FirestoreEmulatorHelper.commitHelper(FirestoreEmulatorHelper.java:407)
	at com.google.cloud.datastore.emulator.impl.firestore.FirestoreEmulatorHelper.internalCommit(FirestoreEmulatorHelper.java:348)
	at com.google.cloud.datastore.emulator.impl.firestore.CloudFirestoreV1.commit(CloudFirestoreV1.java:541)
	at com.google.cloud.datastore.emulator.impl.firestore.CloudFirestoreV1Router.commit(CloudFirestoreV1Router.java:177)
	at com.google.cloud.datastore.emulator.firestore.v1.FirestoreV1GrpcAdapter$1.lambda$commit$0(FirestoreV1GrpcAdapter.java:162)
	at com.google.cloud.datastore.emulator.firestore.v1.FirestoreV1GrpcAdapter.unary(FirestoreV1GrpcAdapter.java:72)
	at com.google.cloud.datastore.emulator.firestore.v1.FirestoreV1GrpcAdapter$1.commit(FirestoreV1GrpcAdapter.java:162)
	at com.google.firestore.v1.FirestoreGrpc$MethodHandlers.invoke(FirestoreGrpc.java:1404)
	at io.grpc.stub.ServerCalls$UnaryServerCallHandler$UnaryServerCallListener.onHalfClose(ServerCalls.java:182)
	at io.grpc.PartialForwardingServerCallListener.onHalfClose(PartialForwardingServerCallListener.java:35)
	at io.grpc.ForwardingServerCallListener.onHalfClose(ForwardingServerCallListener.java:23)
	at io.grpc.ForwardingServerCallListener$SimpleForwardingServerCallListener.onHalfClose(ForwardingServerCallListener.java:40)
	at io.grpc.Contexts$ContextualizedServerCallListener.onHalfClose(Contexts.java:86)
	at io.grpc.PartialForwardingServerCallListener.onHalfClose(PartialForwardingServerCallListener.java:35)
	at io.grpc.ForwardingServerCallListener.onHalfClose(ForwardingServerCallListener.java:23)
	at io.grpc.ForwardingServerCallListener$SimpleForwardingServerCallListener.onHalfClose(ForwardingServerCallListener.java:40)
	at io.grpc.Contexts$ContextualizedServerCallListener.onHalfClose(Contexts.java:86)
	at io.grpc.internal.ServerCallImpl$ServerStreamListenerImpl.halfClosed(ServerCallImpl.java:356)
	at io.grpc.internal.ServerImpl$JumpToApplicationThreadServerStreamListener$1HalfClosed.runInContext(ServerImpl.java:879)
	at io.grpc.internal.ContextRunnable.run(ContextRunnable.java:37)
	at io.grpc.internal.SerializingExecutor.run(SerializingExecutor.java:133)
	at java.base/java.util.concurrent.ThreadPoolExecutor.runWorker(ThreadPoolExecutor.java:1144)
	at java.base/java.util.concurrent.ThreadPoolExecutor$Worker.run(ThreadPoolExecutor.java:642)
	at java.base/java.lang.Thread.run(Thread.java:1583)

Sep 15, 2026 6:59:56 PM com.google.cloud.datastore.emulator.impl.util.WrappedStreamObserver onError
WARNING: Operation failed: 
evaluation error at L602:9 for 'update' @ L602, false for 'update' @ L1024, evaluation error at L829:9 for 'update' @ L829, false for 'update' @ L1024, false for 'update' @ L829, false for 'update' @ L1024
com.google.cloud.datastore.core.exception.DatastoreException: 
evaluation error at L602:9 for 'update' @ L602, false for 'update' @ L1024, evaluation error at L829:9 for 'update' @ L829, false for 'update' @ L1024, false for 'update' @ L829, false for 'update' @ L1024
	at com.google.cloud.datastore.core.exception.DatastoreException$Builder.build(DatastoreException.java:152)
	at com.google.cloud.datastore.emulator.impl.rules.DefaultEmulatorRulesAuthorizer.verboseError(DefaultEmulatorRulesAuthorizer.java:349)
	at com.google.cloud.datastore.emulator.impl.rules.DefaultEmulatorRulesAuthorizer.withVerboseErrors(DefaultEmulatorRulesAuthorizer.java:326)
	at com.google.cloud.datastore.emulator.impl.rules.DefaultEmulatorRulesAuthorizer.checkCommit(DefaultEmulatorRulesAuthorizer.java:113)
	at com.google.cloud.datastore.emulator.impl.firestore.FirestoreEmulatorHelper.commitHelper(FirestoreEmulatorHelper.java:407)
	at com.google.cloud.datastore.emulator.impl.firestore.FirestoreEmulatorHelper.internalCommit(FirestoreEmulatorHelper.java:348)
	at com.google.cloud.datastore.emulator.impl.firestore.CloudFirestoreV1.commit(CloudFirestoreV1.java:541)
	at com.google.cloud.datastore.emulator.impl.firestore.CloudFirestoreV1Router.commit(CloudFirestoreV1Router.java:177)
	at com.google.cloud.datastore.emulator.firestore.v1.FirestoreV1GrpcAdapter$1.lambda$commit$0(FirestoreV1GrpcAdapter.java:162)
	at com.google.cloud.datastore.emulator.firestore.v1.FirestoreV1GrpcAdapter.unary(FirestoreV1GrpcAdapter.java:72)
	at com.google.cloud.datastore.emulator.firestore.v1.FirestoreV1GrpcAdapter$1.commit(FirestoreV1GrpcAdapter.java:162)
	at com.google.firestore.v1.FirestoreGrpc$MethodHandlers.invoke(FirestoreGrpc.java:1404)
	at io.grpc.stub.ServerCalls$UnaryServerCallHandler$UnaryServerCallListener.onHalfClose(ServerCalls.java:182)
	at io.grpc.PartialForwardingServerCallListener.onHalfClose(PartialForwardingServerCallListener.java:35)
	at io.grpc.ForwardingServerCallListener.onHalfClose(ForwardingServerCallListener.java:23)
	at io.grpc.ForwardingServerCallListener$SimpleForwardingServerCallListener.onHalfClose(ForwardingServerCallListener.java:40)
	at io.grpc.Contexts$ContextualizedServerCallListener.onHalfClose(Contexts.java:86)
	at io.grpc.PartialForwardingServerCallListener.onHalfClose(PartialForwardingServerCallListener.java:35)
	at io.grpc.ForwardingServerCallListener.onHalfClose(ForwardingServerCallListener.java:23)
	at io.grpc.ForwardingServerCallListener$SimpleForwardingServerCallListener.onHalfClose(ForwardingServerCallListener.java:40)
	at io.grpc.Contexts$ContextualizedServerCallListener.onHalfClose(Contexts.java:86)
	at io.grpc.internal.ServerCallImpl$ServerStreamListenerImpl.halfClosed(ServerCallImpl.java:356)
	at io.grpc.internal.ServerImpl$JumpToApplicationThreadServerStreamListener$1HalfClosed.runInContext(ServerImpl.java:879)
	at io.grpc.internal.ContextRunnable.run(ContextRunnable.java:37)
	at io.grpc.internal.SerializingExecutor.run(SerializingExecutor.java:133)
	at java.base/java.util.concurrent.ThreadPoolExecutor.runWorker(ThreadPoolExecutor.java:1144)
	at java.base/java.util.concurrent.ThreadPoolExecutor$Worker.run(ThreadPoolExecutor.java:642)
	at java.base/java.lang.Thread.run(Thread.java:1583)

Sep 15, 2026 6:59:56 PM com.google.cloud.datastore.emulator.impl.util.WrappedStreamObserver onError
WARNING: Operation failed: 
evaluation error at L602:9 for 'update' @ L602, false for 'update' @ L1024, evaluation error at L829:9 for 'update' @ L829, false for 'update' @ L1024, false for 'update' @ L829, false for 'update' @ L1024
com.google.cloud.datastore.core.exception.DatastoreException: 
evaluation error at L602:9 for 'update' @ L602, false for 'update' @ L1024, evaluation error at L829:9 for 'update' @ L829, false for 'update' @ L1024, false for 'update' @ L829, false for 'update' @ L1024
	at com.google.cloud.datastore.core.exception.DatastoreException$Builder.build(DatastoreException.java:152)
	at com.google.cloud.datastore.emulator.impl.rules.DefaultEmulatorRulesAuthorizer.verboseError(DefaultEmulatorRulesAuthorizer.java:349)
	at com.google.cloud.datastore.emulator.impl.rules.DefaultEmulatorRulesAuthorizer.withVerboseErrors(DefaultEmulatorRulesAuthorizer.java:326)
	at com.google.cloud.datastore.emulator.impl.rules.DefaultEmulatorRulesAuthorizer.checkCommit(DefaultEmulatorRulesAuthorizer.java:113)
	at com.google.cloud.datastore.emulator.impl.firestore.FirestoreEmulatorHelper.commitHelper(FirestoreEmulatorHelper.java:407)
	at com.google.cloud.datastore.emulator.impl.firestore.FirestoreEmulatorHelper.internalCommit(FirestoreEmulatorHelper.java:348)
	at com.google.cloud.datastore.emulator.impl.firestore.CloudFirestoreV1.commit(CloudFirestoreV1.java:541)
	at com.google.cloud.datastore.emulator.impl.firestore.CloudFirestoreV1Router.commit(CloudFirestoreV1Router.java:177)
	at com.google.cloud.datastore.emulator.firestore.v1.FirestoreV1GrpcAdapter$1.lambda$commit$0(FirestoreV1GrpcAdapter.java:162)
	at com.google.cloud.datastore.emulator.firestore.v1.FirestoreV1GrpcAdapter.unary(FirestoreV1GrpcAdapter.java:72)
	at com.google.cloud.datastore.emulator.firestore.v1.FirestoreV1GrpcAdapter$1.commit(FirestoreV1GrpcAdapter.java:162)
	at com.google.firestore.v1.FirestoreGrpc$MethodHandlers.invoke(FirestoreGrpc.java:1404)
	at io.grpc.stub.ServerCalls$UnaryServerCallHandler$UnaryServerCallListener.onHalfClose(ServerCalls.java:182)
	at io.grpc.PartialForwardingServerCallListener.onHalfClose(PartialForwardingServerCallListener.java:35)
	at io.grpc.ForwardingServerCallListener.onHalfClose(ForwardingServerCallListener.java:23)
	at io.grpc.ForwardingServerCallListener$SimpleForwardingServerCallListener.onHalfClose(ForwardingServerCallListener.java:40)
	at io.grpc.Contexts$ContextualizedServerCallListener.onHalfClose(Contexts.java:86)
	at io.grpc.PartialForwardingServerCallListener.onHalfClose(PartialForwardingServerCallListener.java:35)
	at io.grpc.ForwardingServerCallListener.onHalfClose(ForwardingServerCallListener.java:23)
	at io.grpc.ForwardingServerCallListener$SimpleForwardingServerCallListener.onHalfClose(ForwardingServerCallListener.java:40)
	at io.grpc.Contexts$ContextualizedServerCallListener.onHalfClose(Contexts.java:86)
	at io.grpc.internal.ServerCallImpl$ServerStreamListenerImpl.halfClosed(ServerCallImpl.java:356)
	at io.grpc.internal.ServerImpl$JumpToApplicationThreadServerStreamListener$1HalfClosed.runInContext(ServerImpl.java:879)
	at io.grpc.internal.ContextRunnable.run(ContextRunnable.java:37)
	at io.grpc.internal.SerializingExecutor.run(SerializingExecutor.java:133)
	at java.base/java.util.concurrent.ThreadPoolExecutor.runWorker(ThreadPoolExecutor.java:1144)
	at java.base/java.util.concurrent.ThreadPoolExecutor$Worker.run(ThreadPoolExecutor.java:642)
	at java.base/java.lang.Thread.run(Thread.java:1583)

Sep 15, 2026 6:59:57 PM com.google.cloud.datastore.emulator.impl.util.WrappedStreamObserver onError
WARNING: Operation failed: 
false for 'delete' @ L866, false for 'delete' @ L1024
com.google.cloud.datastore.core.exception.DatastoreException: 
false for 'delete' @ L866, false for 'delete' @ L1024
	at com.google.cloud.datastore.core.exception.DatastoreException$Builder.build(DatastoreException.java:152)
	at com.google.cloud.datastore.emulator.impl.rules.DefaultEmulatorRulesAuthorizer.verboseError(DefaultEmulatorRulesAuthorizer.java:349)
	at com.google.cloud.datastore.emulator.impl.rules.DefaultEmulatorRulesAuthorizer.withVerboseErrors(DefaultEmulatorRulesAuthorizer.java:326)
	at com.google.cloud.datastore.emulator.impl.rules.DefaultEmulatorRulesAuthorizer.checkCommit(DefaultEmulatorRulesAuthorizer.java:113)
	at com.google.cloud.datastore.emulator.impl.firestore.FirestoreEmulatorHelper.commitHelper(FirestoreEmulatorHelper.java:407)
	at com.google.cloud.datastore.emulator.impl.firestore.FirestoreEmulatorHelper.internalCommit(FirestoreEmulatorHelper.java:348)
	at com.google.cloud.datastore.emulator.impl.firestore.CloudFirestoreV1.internalCommit(CloudFirestoreV1.java:1336)
	at com.google.cloud.datastore.emulator.impl.firestore.CloudFirestoreV1.write(CloudFirestoreV1.java:1321)
	at com.google.cloud.datastore.emulator.impl.firestore.CloudFirestoreV1WriteStream.handleRequest(CloudFirestoreV1WriteStream.java:222)
	at com.google.cloud.datastore.emulator.impl.firestore.CloudFirestoreV1WriteStream.write(CloudFirestoreV1WriteStream.java:144)
	at com.google.cloud.datastore.emulator.impl.firestore.CloudFirestoreV1WriteStream.onNext(CloudFirestoreV1WriteStream.java:99)
	at com.google.cloud.datastore.emulator.impl.firestore.CloudFirestoreV1WriteStream.onNext(CloudFirestoreV1WriteStream.java:27)
	at io.grpc.stub.ServerCalls$StreamingServerCallHandler$StreamingServerCallListener.onMessage(ServerCalls.java:262)
	at io.grpc.ForwardingServerCallListener.onMessage(ForwardingServerCallListener.java:33)
	at io.grpc.Contexts$ContextualizedServerCallListener.onMessage(Contexts.java:76)
	at io.grpc.ForwardingServerCallListener.onMessage(ForwardingServerCallListener.java:33)
	at io.grpc.Contexts$ContextualizedServerCallListener.onMessage(Contexts.java:76)
	at io.grpc.internal.ServerCallImpl$ServerStreamListenerImpl.messagesAvailableInternal(ServerCallImpl.java:334)
	at io.grpc.internal.ServerCallImpl$ServerStreamListenerImpl.messagesAvailable(ServerCallImpl.java:319)
	at io.grpc.internal.ServerImpl$JumpToApplicationThreadServerStreamListener$1MessagesAvailable.runInContext(ServerImpl.java:852)
	at io.grpc.internal.ContextRunnable.run(ContextRunnable.java:37)
	at io.grpc.internal.SerializingExecutor.run(SerializingExecutor.java:133)
	at java.base/java.util.concurrent.ThreadPoolExecutor.runWorker(ThreadPoolExecutor.java:1144)
	at java.base/java.util.concurrent.ThreadPoolExecutor$Worker.run(ThreadPoolExecutor.java:642)
	at java.base/java.lang.Thread.run(Thread.java:1583)

Sep 15, 2026 7:00:01 PM com.google.cloud.datastore.emulator.impl.util.WrappedStreamObserver onError
WARNING: Operation failed: 
evaluation error at L667:26 for 'create' @ L667, false for 'create' @ L1024, false for 'update' @ L674, false for 'update' @ L1024, false for 'update' @ L674, false for 'update' @ L1024
com.google.cloud.datastore.core.exception.DatastoreException: 
evaluation error at L667:26 for 'create' @ L667, false for 'create' @ L1024, false for 'update' @ L674, false for 'update' @ L1024, false for 'update' @ L674, false for 'update' @ L1024
	at com.google.cloud.datastore.core.exception.DatastoreException$Builder.build(DatastoreException.java:152)
	at com.google.cloud.datastore.emulator.impl.rules.DefaultEmulatorRulesAuthorizer.verboseError(DefaultEmulatorRulesAuthorizer.java:349)
	at com.google.cloud.datastore.emulator.impl.rules.DefaultEmulatorRulesAuthorizer.withVerboseErrors(DefaultEmulatorRulesAuthorizer.java:326)
	at com.google.cloud.datastore.emulator.impl.rules.DefaultEmulatorRulesAuthorizer.checkCommit(DefaultEmulatorRulesAuthorizer.java:113)
	at com.google.cloud.datastore.emulator.impl.firestore.FirestoreEmulatorHelper.commitHelper(FirestoreEmulatorHelper.java:407)
	at com.google.cloud.datastore.emulator.impl.firestore.FirestoreEmulatorHelper.internalCommit(FirestoreEmulatorHelper.java:348)
	at com.google.cloud.datastore.emulator.impl.firestore.CloudFirestoreV1.internalCommit(CloudFirestoreV1.java:1336)
	at com.google.cloud.datastore.emulator.impl.firestore.CloudFirestoreV1.write(CloudFirestoreV1.java:1321)
	at com.google.cloud.datastore.emulator.impl.firestore.CloudFirestoreV1WriteStream.handleRequest(CloudFirestoreV1WriteStream.java:222)
	at com.google.cloud.datastore.emulator.impl.firestore.CloudFirestoreV1WriteStream.write(CloudFirestoreV1WriteStream.java:144)
	at com.google.cloud.datastore.emulator.impl.firestore.CloudFirestoreV1WriteStream.onNext(CloudFirestoreV1WriteStream.java:99)
	at com.google.cloud.datastore.emulator.impl.firestore.CloudFirestoreV1WriteStream.onNext(CloudFirestoreV1WriteStream.java:27)
	at io.grpc.stub.ServerCalls$StreamingServerCallHandler$StreamingServerCallListener.onMessage(ServerCalls.java:262)
	at io.grpc.ForwardingServerCallListener.onMessage(ForwardingServerCallListener.java:33)
	at io.grpc.Contexts$ContextualizedServerCallListener.onMessage(Contexts.java:76)
	at io.grpc.ForwardingServerCallListener.onMessage(ForwardingServerCallListener.java:33)
	at io.grpc.Contexts$ContextualizedServerCallListener.onMessage(Contexts.java:76)
	at io.grpc.internal.ServerCallImpl$ServerStreamListenerImpl.messagesAvailableInternal(ServerCallImpl.java:334)
	at io.grpc.internal.ServerCallImpl$ServerStreamListenerImpl.messagesAvailable(ServerCallImpl.java:319)
	at io.grpc.internal.ServerImpl$JumpToApplicationThreadServerStreamListener$1MessagesAvailable.runInContext(ServerImpl.java:852)
	at io.grpc.internal.ContextRunnable.run(ContextRunnable.java:37)
	at io.grpc.internal.SerializingExecutor.run(SerializingExecutor.java:133)
	at java.base/java.util.concurrent.ThreadPoolExecutor.runWorker(ThreadPoolExecutor.java:1144)
	at java.base/java.util.concurrent.ThreadPoolExecutor$Worker.run(ThreadPoolExecutor.java:642)
	at java.base/java.lang.Thread.run(Thread.java:1583)

Sep 15, 2026 7:00:01 PM com.google.cloud.datastore.emulator.impl.util.WrappedStreamObserver onError
WARNING: Operation failed: 
evaluation error at L667:26 for 'create' @ L667, false for 'create' @ L1024, false for 'update' @ L674, false for 'update' @ L1024, false for 'update' @ L674, false for 'update' @ L1024
com.google.cloud.datastore.core.exception.DatastoreException: 
evaluation error at L667:26 for 'create' @ L667, false for 'create' @ L1024, false for 'update' @ L674, false for 'update' @ L1024, false for 'update' @ L674, false for 'update' @ L1024
	at com.google.cloud.datastore.core.exception.DatastoreException$Builder.build(DatastoreException.java:152)
	at com.google.cloud.datastore.emulator.impl.rules.DefaultEmulatorRulesAuthorizer.verboseError(DefaultEmulatorRulesAuthorizer.java:349)
	at com.google.cloud.datastore.emulator.impl.rules.DefaultEmulatorRulesAuthorizer.withVerboseErrors(DefaultEmulatorRulesAuthorizer.java:326)
	at com.google.cloud.datastore.emulator.impl.rules.DefaultEmulatorRulesAuthorizer.checkCommit(DefaultEmulatorRulesAuthorizer.java:113)
	at com.google.cloud.datastore.emulator.impl.firestore.FirestoreEmulatorHelper.commitHelper(FirestoreEmulatorHelper.java:407)
	at com.google.cloud.datastore.emulator.impl.firestore.FirestoreEmulatorHelper.internalCommit(FirestoreEmulatorHelper.java:348)
	at com.google.cloud.datastore.emulator.impl.firestore.CloudFirestoreV1.internalCommit(CloudFirestoreV1.java:1336)
	at com.google.cloud.datastore.emulator.impl.firestore.CloudFirestoreV1.write(CloudFirestoreV1.java:1321)
	at com.google.cloud.datastore.emulator.impl.firestore.CloudFirestoreV1WriteStream.handleRequest(CloudFirestoreV1WriteStream.java:222)
	at com.google.cloud.datastore.emulator.impl.firestore.CloudFirestoreV1WriteStream.write(CloudFirestoreV1WriteStream.java:144)
	at com.google.cloud.datastore.emulator.impl.firestore.CloudFirestoreV1WriteStream.onNext(CloudFirestoreV1WriteStream.java:99)
	at com.google.cloud.datastore.emulator.impl.firestore.CloudFirestoreV1WriteStream.onNext(CloudFirestoreV1WriteStream.java:27)
	at io.grpc.stub.ServerCalls$StreamingServerCallHandler$StreamingServerCallListener.onMessage(ServerCalls.java:262)
	at io.grpc.ForwardingServerCallListener.onMessage(ForwardingServerCallListener.java:33)
	at io.grpc.Contexts$ContextualizedServerCallListener.onMessage(Contexts.java:76)
	at io.grpc.ForwardingServerCallListener.onMessage(ForwardingServerCallListener.java:33)
	at io.grpc.Contexts$ContextualizedServerCallListener.onMessage(Contexts.java:76)
	at io.grpc.internal.ServerCallImpl$ServerStreamListenerImpl.messagesAvailableInternal(ServerCallImpl.java:334)
	at io.grpc.internal.ServerCallImpl$ServerStreamListenerImpl.messagesAvailable(ServerCallImpl.java:319)
	at io.grpc.internal.ServerImpl$JumpToApplicationThreadServerStreamListener$1MessagesAvailable.runInContext(ServerImpl.java:852)
	at io.grpc.internal.ContextRunnable.run(ContextRunnable.java:37)
	at io.grpc.internal.SerializingExecutor.run(SerializingExecutor.java:133)
	at java.base/java.util.concurrent.ThreadPoolExecutor.runWorker(ThreadPoolExecutor.java:1144)
	at java.base/java.util.concurrent.ThreadPoolExecutor$Worker.run(ThreadPoolExecutor.java:642)
	at java.base/java.lang.Thread.run(Thread.java:1583)

Sep 15, 2026 7:00:01 PM com.google.cloud.datastore.emulator.impl.util.WrappedStreamObserver onError
WARNING: Operation failed: 
evaluation error at L714:26 for 'create' @ L714, false for 'create' @ L1024, false for 'update' @ L722, false for 'update' @ L1024, Null value error. for 'create' @ L714, false for 'create' @ L1024
com.google.cloud.datastore.core.exception.DatastoreException: 
evaluation error at L714:26 for 'create' @ L714, false for 'create' @ L1024, false for 'update' @ L722, false for 'update' @ L1024, Null value error. for 'create' @ L714, false for 'create' @ L1024
	at com.google.cloud.datastore.core.exception.DatastoreException$Builder.build(DatastoreException.java:152)
	at com.google.cloud.datastore.emulator.impl.rules.DefaultEmulatorRulesAuthorizer.verboseError(DefaultEmulatorRulesAuthorizer.java:349)
	at com.google.cloud.datastore.emulator.impl.rules.DefaultEmulatorRulesAuthorizer.withVerboseErrors(DefaultEmulatorRulesAuthorizer.java:326)
	at com.google.cloud.datastore.emulator.impl.rules.DefaultEmulatorRulesAuthorizer.checkCommit(DefaultEmulatorRulesAuthorizer.java:113)
	at com.google.cloud.datastore.emulator.impl.firestore.FirestoreEmulatorHelper.commitHelper(FirestoreEmulatorHelper.java:407)
	at com.google.cloud.datastore.emulator.impl.firestore.FirestoreEmulatorHelper.internalCommit(FirestoreEmulatorHelper.java:348)
	at com.google.cloud.datastore.emulator.impl.firestore.CloudFirestoreV1.internalCommit(CloudFirestoreV1.java:1336)
	at com.google.cloud.datastore.emulator.impl.firestore.CloudFirestoreV1.write(CloudFirestoreV1.java:1321)
	at com.google.cloud.datastore.emulator.impl.firestore.CloudFirestoreV1WriteStream.handleRequest(CloudFirestoreV1WriteStream.java:222)
	at com.google.cloud.datastore.emulator.impl.firestore.CloudFirestoreV1WriteStream.write(CloudFirestoreV1WriteStream.java:144)
	at com.google.cloud.datastore.emulator.impl.firestore.CloudFirestoreV1WriteStream.onNext(CloudFirestoreV1WriteStream.java:99)
	at com.google.cloud.datastore.emulator.impl.firestore.CloudFirestoreV1WriteStream.onNext(CloudFirestoreV1WriteStream.java:27)
	at io.grpc.stub.ServerCalls$StreamingServerCallHandler$StreamingServerCallListener.onMessage(ServerCalls.java:262)
	at io.grpc.ForwardingServerCallListener.onMessage(ForwardingServerCallListener.java:33)
	at io.grpc.Contexts$ContextualizedServerCallListener.onMessage(Contexts.java:76)
	at io.grpc.ForwardingServerCallListener.onMessage(ForwardingServerCallListener.java:33)
	at io.grpc.Contexts$ContextualizedServerCallListener.onMessage(Contexts.java:76)
	at io.grpc.internal.ServerCallImpl$ServerStreamListenerImpl.messagesAvailableInternal(ServerCallImpl.java:334)
	at io.grpc.internal.ServerCallImpl$ServerStreamListenerImpl.messagesAvailable(ServerCallImpl.java:319)
	at io.grpc.internal.ServerImpl$JumpToApplicationThreadServerStreamListener$1MessagesAvailable.runInContext(ServerImpl.java:852)
	at io.grpc.internal.ContextRunnable.run(ContextRunnable.java:37)
	at io.grpc.internal.SerializingExecutor.run(SerializingExecutor.java:133)
	at java.base/java.util.concurrent.ThreadPoolExecutor.runWorker(ThreadPoolExecutor.java:1144)
	at java.base/java.util.concurrent.ThreadPoolExecutor$Worker.run(ThreadPoolExecutor.java:642)
	at java.base/java.lang.Thread.run(Thread.java:1583)
Caused by: com.google.firebase.rules.runtime.common.EvaluationException: Error:  line [719], column [14]. Null value error.
	at com.google.firebase.rules.runtime.impl.DefaultEvaluator$TransformEvaluationException.apply(DefaultEvaluator.java:275)
	at com.google.firebase.rules.runtime.impl.DefaultEvaluator$TransformEvaluationException.apply(DefaultEvaluator.java:261)
	at com.google.common.util.concurrent.AbstractCatchingFuture$AsyncCatchingFuture.doFallback(AbstractCatchingFuture.java:207)
	at com.google.common.util.concurrent.AbstractCatchingFuture$AsyncCatchingFuture.doFallback(AbstractCatchingFuture.java:194)
	at com.google.common.util.concurrent.AbstractCatchingFuture.run(AbstractCatchingFuture.java:136)
	at com.google.common.util.concurrent.DirectExecutor.execute(DirectExecutor.java:30)
	at com.google.common.util.concurrent.AbstractFuture.executeListener(AbstractFuture.java:1045)
	at com.google.common.util.concurrent.AbstractFuture.addListener(AbstractFuture.java:492)
	at com.google.common.util.concurrent.FluentFuture$TrustedFuture.addListener(FluentFuture.java:122)
	at com.google.common.util.concurrent.AbstractCatchingFuture.createAsync(AbstractCatchingFuture.java:58)
	at com.google.common.util.concurrent.Futures.catchingAsync(Futures.java:411)
	at com.google.firebase.rules.runtime.impl.DefaultEvaluator.evaluate(DefaultEvaluator.java:177)
	at com.google.cloud.datastore.emulator.impl.rules.EmulatorRuleClient$EmulatorRuleEvaluator.evaluate(EmulatorRuleClient.java:88)
	at com.google.cloud.datastore.core.auth.rules.AsyncTwoPhaseRulesAuthorizer.lambda$fullEvaluate$0(AsyncTwoPhaseRulesAuthorizer.java:993)
	at com.google.cloud.datastore.computation.Computation.tryCatch(Computation.java:472)
	at com.google.cloud.datastore.core.auth.rules.AsyncTwoPhaseRulesAuthorizer.fullEvaluate(AsyncTwoPhaseRulesAuthorizer.java:992)
	at com.google.cloud.datastore.core.auth.rules.AsyncTwoPhaseRulesAuthorizer$WriteAuthorizerImpl.lambda$checkWrite$0(AsyncTwoPhaseRulesAuthorizer.java:1227)
	at com.google.cloud.datastore.computation.Computation.lambda$tryClose$1(Computation.java:741)
	at com.google.cloud.datastore.computation.Computation.tryCatch(Computation.java:472)
	at com.google.cloud.datastore.computation.Computation.tryFinally(Computation.java:708)
	at com.google.cloud.datastore.computation.Computation.tryFinally(Computation.java:714)
	at com.google.cloud.datastore.computation.Computation.tryClose(Computation.java:741)
	at com.google.cloud.datastore.core.auth.rules.AsyncTwoPhaseRulesAuthorizer$WriteAuthorizerImpl.checkWrite(AsyncTwoPhaseRulesAuthorizer.java:1199)
	at com.google.cloud.datastore.emulator.impl.rules.DefaultEmulatorRulesAuthorizer.lambda$checkCommit$2(DefaultEmulatorRulesAuthorizer.java:124)
	at com.google.cloud.datastore.computation.Computation.run(Computation.java:82)
	at com.google.cloud.datastore.computation.Computation$Terminated.toFuture(Computation.java:950)
	at com.google.cloud.datastore.computation.Computation.toFuture(Computation.java:93)
	at com.google.cloud.datastore.emulator.impl.rules.DefaultEmulatorRulesAuthorizer.finish(DefaultEmulatorRulesAuthorizer.java:308)
	at com.google.cloud.datastore.emulator.impl.rules.DefaultEmulatorRulesAuthorizer.lambda$checkCommit$0(DefaultEmulatorRulesAuthorizer.java:122)
	at com.google.cloud.datastore.emulator.impl.rules.DefaultEmulatorRulesAuthorizer.withVerboseErrors(DefaultEmulatorRulesAuthorizer.java:321)
	... 22 more

Sep 15, 2026 7:00:02 PM com.google.cloud.datastore.emulator.impl.util.WrappedStreamObserver onError
WARNING: Operation failed: 
false for 'create' @ L648, false for 'create' @ L1024, evaluation error at L656:26 for 'update' @ L656, false for 'update' @ L1024, false for 'create' @ L648, false for 'create' @ L1024
com.google.cloud.datastore.core.exception.DatastoreException: 
false for 'create' @ L648, false for 'create' @ L1024, evaluation error at L656:26 for 'update' @ L656, false for 'update' @ L1024, false for 'create' @ L648, false for 'create' @ L1024
	at com.google.cloud.datastore.core.exception.DatastoreException$Builder.build(DatastoreException.java:152)
	at com.google.cloud.datastore.emulator.impl.rules.DefaultEmulatorRulesAuthorizer.verboseError(DefaultEmulatorRulesAuthorizer.java:349)
	at com.google.cloud.datastore.emulator.impl.rules.DefaultEmulatorRulesAuthorizer.withVerboseErrors(DefaultEmulatorRulesAuthorizer.java:326)
	at com.google.cloud.datastore.emulator.impl.rules.DefaultEmulatorRulesAuthorizer.checkCommit(DefaultEmulatorRulesAuthorizer.java:113)
	at com.google.cloud.datastore.emulator.impl.firestore.FirestoreEmulatorHelper.commitHelper(FirestoreEmulatorHelper.java:407)
	at com.google.cloud.datastore.emulator.impl.firestore.FirestoreEmulatorHelper.internalCommit(FirestoreEmulatorHelper.java:348)
	at com.google.cloud.datastore.emulator.impl.firestore.CloudFirestoreV1.internalCommit(CloudFirestoreV1.java:1336)
	at com.google.cloud.datastore.emulator.impl.firestore.CloudFirestoreV1.write(CloudFirestoreV1.java:1321)
	at com.google.cloud.datastore.emulator.impl.firestore.CloudFirestoreV1WriteStream.handleRequest(CloudFirestoreV1WriteStream.java:222)
	at com.google.cloud.datastore.emulator.impl.firestore.CloudFirestoreV1WriteStream.write(CloudFirestoreV1WriteStream.java:144)
	at com.google.cloud.datastore.emulator.impl.firestore.CloudFirestoreV1WriteStream.onNext(CloudFirestoreV1WriteStream.java:99)
	at com.google.cloud.datastore.emulator.impl.firestore.CloudFirestoreV1WriteStream.onNext(CloudFirestoreV1WriteStream.java:27)
	at io.grpc.stub.ServerCalls$StreamingServerCallHandler$StreamingServerCallListener.onMessage(ServerCalls.java:262)
	at io.grpc.ForwardingServerCallListener.onMessage(ForwardingServerCallListener.java:33)
	at io.grpc.Contexts$ContextualizedServerCallListener.onMessage(Contexts.java:76)
	at io.grpc.ForwardingServerCallListener.onMessage(ForwardingServerCallListener.java:33)
	at io.grpc.Contexts$ContextualizedServerCallListener.onMessage(Contexts.java:76)
	at io.grpc.internal.ServerCallImpl$ServerStreamListenerImpl.messagesAvailableInternal(ServerCallImpl.java:334)
	at io.grpc.internal.ServerCallImpl$ServerStreamListenerImpl.messagesAvailable(ServerCallImpl.java:319)
	at io.grpc.internal.ServerImpl$JumpToApplicationThreadServerStreamListener$1MessagesAvailable.runInContext(ServerImpl.java:852)
	at io.grpc.internal.ContextRunnable.run(ContextRunnable.java:37)
	at io.grpc.internal.SerializingExecutor.run(SerializingExecutor.java:133)
	at java.base/java.util.concurrent.ThreadPoolExecutor.runWorker(ThreadPoolExecutor.java:1144)
	at java.base/java.util.concurrent.ThreadPoolExecutor$Worker.run(ThreadPoolExecutor.java:642)
	at java.base/java.lang.Thread.run(Thread.java:1583)

Sep 15, 2026 7:00:02 PM com.google.cloud.datastore.emulator.impl.util.WrappedStreamObserver onError
WARNING: Operation failed: 
evaluation error at L648:26 for 'create' @ L648, false for 'create' @ L1024, evaluation error at L656:26 for 'update' @ L656, false for 'update' @ L1024, false for 'create' @ L648, false for 'create' @ L1024
com.google.cloud.datastore.core.exception.DatastoreException: 
evaluation error at L648:26 for 'create' @ L648, false for 'create' @ L1024, evaluation error at L656:26 for 'update' @ L656, false for 'update' @ L1024, false for 'create' @ L648, false for 'create' @ L1024
	at com.google.cloud.datastore.core.exception.DatastoreException$Builder.build(DatastoreException.java:152)
	at com.google.cloud.datastore.emulator.impl.rules.DefaultEmulatorRulesAuthorizer.verboseError(DefaultEmulatorRulesAuthorizer.java:349)
	at com.google.cloud.datastore.emulator.impl.rules.DefaultEmulatorRulesAuthorizer.withVerboseErrors(DefaultEmulatorRulesAuthorizer.java:326)
	at com.google.cloud.datastore.emulator.impl.rules.DefaultEmulatorRulesAuthorizer.checkCommit(DefaultEmulatorRulesAuthorizer.java:113)
	at com.google.cloud.datastore.emulator.impl.firestore.FirestoreEmulatorHelper.commitHelper(FirestoreEmulatorHelper.java:407)
	at com.google.cloud.datastore.emulator.impl.firestore.FirestoreEmulatorHelper.internalCommit(FirestoreEmulatorHelper.java:348)
	at com.google.cloud.datastore.emulator.impl.firestore.CloudFirestoreV1.internalCommit(CloudFirestoreV1.java:1336)
	at com.google.cloud.datastore.emulator.impl.firestore.CloudFirestoreV1.write(CloudFirestoreV1.java:1321)
	at com.google.cloud.datastore.emulator.impl.firestore.CloudFirestoreV1WriteStream.handleRequest(CloudFirestoreV1WriteStream.java:222)
	at com.google.cloud.datastore.emulator.impl.firestore.CloudFirestoreV1WriteStream.write(CloudFirestoreV1WriteStream.java:144)
	at com.google.cloud.datastore.emulator.impl.firestore.CloudFirestoreV1WriteStream.onNext(CloudFirestoreV1WriteStream.java:99)
	at com.google.cloud.datastore.emulator.impl.firestore.CloudFirestoreV1WriteStream.onNext(CloudFirestoreV1WriteStream.java:27)
	at io.grpc.stub.ServerCalls$StreamingServerCallHandler$StreamingServerCallListener.onMessage(ServerCalls.java:262)
	at io.grpc.ForwardingServerCallListener.onMessage(ForwardingServerCallListener.java:33)
	at io.grpc.Contexts$ContextualizedServerCallListener.onMessage(Contexts.java:76)
	at io.grpc.ForwardingServerCallListener.onMessage(ForwardingServerCallListener.java:33)
	at io.grpc.Contexts$ContextualizedServerCallListener.onMessage(Contexts.java:76)
	at io.grpc.internal.ServerCallImpl$ServerStreamListenerImpl.messagesAvailableInternal(ServerCallImpl.java:334)
	at io.grpc.internal.ServerCallImpl$ServerStreamListenerImpl.messagesAvailable(ServerCallImpl.java:319)
	at io.grpc.internal.ServerImpl$JumpToApplicationThreadServerStreamListener$1MessagesAvailable.runInContext(ServerImpl.java:852)
	at io.grpc.internal.ContextRunnable.run(ContextRunnable.java:37)
	at io.grpc.internal.SerializingExecutor.run(SerializingExecutor.java:133)
	at java.base/java.util.concurrent.ThreadPoolExecutor.runWorker(ThreadPoolExecutor.java:1144)
	at java.base/java.util.concurrent.ThreadPoolExecutor$Worker.run(ThreadPoolExecutor.java:642)
	at java.base/java.lang.Thread.run(Thread.java:1583)

Sep 15, 2026 7:00:04 PM io.gapi.emulators.netty.HttpVersionRoutingHandler channelRead
INFO: Detected non-HTTP/2 connection.
Sep 15, 2026 7:00:05 PM io.gapi.emulators.netty.HttpVersionRoutingHandler channelRead
INFO: Detected non-HTTP/2 connection.
Sep 15, 2026 7:00:05 PM io.gapi.emulators.netty.HttpVersionRoutingHandler channelRead
INFO: Detected HTTP/2 connection.
Sep 15, 2026 7:00:05 PM io.gapi.emulators.netty.HttpVersionRoutingHandler channelRead
INFO: Detected HTTP/2 connection.
Sep 15, 2026 7:00:06 PM io.gapi.emulators.netty.HttpVersionRoutingHandler channelRead
INFO: Detected HTTP/2 connection.
Sep 15, 2026 7:00:06 PM io.gapi.emulators.netty.HttpVersionRoutingHandler channelRead
INFO: Detected HTTP/2 connection.
Sep 15, 2026 7:00:06 PM com.google.cloud.datastore.emulator.impl.util.WrappedStreamObserver onError
WARNING: Operation failed: 
evaluation error at L265:26 for 'create' @ L265, false for 'create' @ L1024, false for 'update' @ L277, false for 'update' @ L1024, false for 'create' @ L265, false for 'create' @ L1024
com.google.cloud.datastore.core.exception.DatastoreException: 
evaluation error at L265:26 for 'create' @ L265, false for 'create' @ L1024, false for 'update' @ L277, false for 'update' @ L1024, false for 'create' @ L265, false for 'create' @ L1024
	at com.google.cloud.datastore.core.exception.DatastoreException$Builder.build(DatastoreException.java:152)
	at com.google.cloud.datastore.emulator.impl.rules.DefaultEmulatorRulesAuthorizer.verboseError(DefaultEmulatorRulesAuthorizer.java:349)
	at com.google.cloud.datastore.emulator.impl.rules.DefaultEmulatorRulesAuthorizer.withVerboseErrors(DefaultEmulatorRulesAuthorizer.java:326)
	at com.google.cloud.datastore.emulator.impl.rules.DefaultEmulatorRulesAuthorizer.checkCommit(DefaultEmulatorRulesAuthorizer.java:113)
	at com.google.cloud.datastore.emulator.impl.firestore.FirestoreEmulatorHelper.commitHelper(FirestoreEmulatorHelper.java:407)
	at com.google.cloud.datastore.emulator.impl.firestore.FirestoreEmulatorHelper.internalCommit(FirestoreEmulatorHelper.java:348)
	at com.google.cloud.datastore.emulator.impl.firestore.CloudFirestoreV1.internalCommit(CloudFirestoreV1.java:1336)
	at com.google.cloud.datastore.emulator.impl.firestore.CloudFirestoreV1.write(CloudFirestoreV1.java:1321)
	at com.google.cloud.datastore.emulator.impl.firestore.CloudFirestoreV1WriteStream.handleRequest(CloudFirestoreV1WriteStream.java:222)
	at com.google.cloud.datastore.emulator.impl.firestore.CloudFirestoreV1WriteStream.write(CloudFirestoreV1WriteStream.java:144)
	at com.google.cloud.datastore.emulator.impl.firestore.CloudFirestoreV1WriteStream.onNext(CloudFirestoreV1WriteStream.java:99)
	at com.google.cloud.datastore.emulator.impl.firestore.CloudFirestoreV1WriteStream.onNext(CloudFirestoreV1WriteStream.java:27)
	at io.grpc.stub.ServerCalls$StreamingServerCallHandler$StreamingServerCallListener.onMessage(ServerCalls.java:262)
	at io.grpc.ForwardingServerCallListener.onMessage(ForwardingServerCallListener.java:33)
	at io.grpc.Contexts$ContextualizedServerCallListener.onMessage(Contexts.java:76)
	at io.grpc.ForwardingServerCallListener.onMessage(ForwardingServerCallListener.java:33)
	at io.grpc.Contexts$ContextualizedServerCallListener.onMessage(Contexts.java:76)
	at io.grpc.internal.ServerCallImpl$ServerStreamListenerImpl.messagesAvailableInternal(ServerCallImpl.java:334)
	at io.grpc.internal.ServerCallImpl$ServerStreamListenerImpl.messagesAvailable(ServerCallImpl.java:319)
	at io.grpc.internal.ServerImpl$JumpToApplicationThreadServerStreamListener$1MessagesAvailable.runInContext(ServerImpl.java:852)
	at io.grpc.internal.ContextRunnable.run(ContextRunnable.java:37)
	at io.grpc.internal.SerializingExecutor.run(SerializingExecutor.java:133)
	at java.base/java.util.concurrent.ThreadPoolExecutor.runWorker(ThreadPoolExecutor.java:1144)
	at java.base/java.util.concurrent.ThreadPoolExecutor$Worker.run(ThreadPoolExecutor.java:642)
	at java.base/java.lang.Thread.run(Thread.java:1583)

Sep 15, 2026 7:00:06 PM com.google.cloud.datastore.emulator.impl.util.WrappedStreamObserver onError
WARNING: Operation failed: 
evaluation error at L265:26 for 'create' @ L265, false for 'create' @ L1024, false for 'update' @ L277, false for 'update' @ L1024, evaluation error at L465:9 for 'update' @ L465, false for 'update' @ L1024, false for 'create' @ L265, false for 'create' @ L1024
com.google.cloud.datastore.core.exception.DatastoreException: 
evaluation error at L265:26 for 'create' @ L265, false for 'create' @ L1024, false for 'update' @ L277, false for 'update' @ L1024, evaluation error at L465:9 for 'update' @ L465, false for 'update' @ L1024, false for 'create' @ L265, false for 'create' @ L1024
	at com.google.cloud.datastore.core.exception.DatastoreException$Builder.build(DatastoreException.java:152)
	at com.google.cloud.datastore.emulator.impl.rules.DefaultEmulatorRulesAuthorizer.verboseError(DefaultEmulatorRulesAuthorizer.java:349)
	at com.google.cloud.datastore.emulator.impl.rules.DefaultEmulatorRulesAuthorizer.withVerboseErrors(DefaultEmulatorRulesAuthorizer.java:326)
	at com.google.cloud.datastore.emulator.impl.rules.DefaultEmulatorRulesAuthorizer.checkCommit(DefaultEmulatorRulesAuthorizer.java:113)
	at com.google.cloud.datastore.emulator.impl.firestore.FirestoreEmulatorHelper.commitHelper(FirestoreEmulatorHelper.java:407)
	at com.google.cloud.datastore.emulator.impl.firestore.FirestoreEmulatorHelper.internalCommit(FirestoreEmulatorHelper.java:348)
	at com.google.cloud.datastore.emulator.impl.firestore.CloudFirestoreV1.internalCommit(CloudFirestoreV1.java:1336)
	at com.google.cloud.datastore.emulator.impl.firestore.CloudFirestoreV1.write(CloudFirestoreV1.java:1321)
	at com.google.cloud.datastore.emulator.impl.firestore.CloudFirestoreV1WriteStream.handleRequest(CloudFirestoreV1WriteStream.java:222)
	at com.google.cloud.datastore.emulator.impl.firestore.CloudFirestoreV1WriteStream.write(CloudFirestoreV1WriteStream.java:144)
	at com.google.cloud.datastore.emulator.impl.firestore.CloudFirestoreV1WriteStream.onNext(CloudFirestoreV1WriteStream.java:99)
	at com.google.cloud.datastore.emulator.impl.firestore.CloudFirestoreV1WriteStream.onNext(CloudFirestoreV1WriteStream.java:27)
	at io.grpc.stub.ServerCalls$StreamingServerCallHandler$StreamingServerCallListener.onMessage(ServerCalls.java:262)
	at io.grpc.ForwardingServerCallListener.onMessage(ForwardingServerCallListener.java:33)
	at io.grpc.Contexts$ContextualizedServerCallListener.onMessage(Contexts.java:76)
	at io.grpc.ForwardingServerCallListener.onMessage(ForwardingServerCallListener.java:33)
	at io.grpc.Contexts$ContextualizedServerCallListener.onMessage(Contexts.java:76)
	at io.grpc.internal.ServerCallImpl$ServerStreamListenerImpl.messagesAvailableInternal(ServerCallImpl.java:334)
	at io.grpc.internal.ServerCallImpl$ServerStreamListenerImpl.messagesAvailable(ServerCallImpl.java:319)
	at io.grpc.internal.ServerImpl$JumpToApplicationThreadServerStreamListener$1MessagesAvailable.runInContext(ServerImpl.java:852)
	at io.grpc.internal.ContextRunnable.run(ContextRunnable.java:37)
	at io.grpc.internal.SerializingExecutor.run(SerializingExecutor.java:133)
	at java.base/java.util.concurrent.ThreadPoolExecutor.runWorker(ThreadPoolExecutor.java:1144)
	at java.base/java.util.concurrent.ThreadPoolExecutor$Worker.run(ThreadPoolExecutor.java:642)
	at java.base/java.lang.Thread.run(Thread.java:1583)

Sep 15, 2026 7:00:06 PM com.google.cloud.datastore.emulator.impl.util.WrappedStreamObserver onError
WARNING: Operation failed: 
evaluation error at L465:9 for 'update' @ L465, false for 'update' @ L1024, false for 'update' @ L465, false for 'update' @ L1024
com.google.cloud.datastore.core.exception.DatastoreException: 
evaluation error at L465:9 for 'update' @ L465, false for 'update' @ L1024, false for 'update' @ L465, false for 'update' @ L1024
	at com.google.cloud.datastore.core.exception.DatastoreException$Builder.build(DatastoreException.java:152)
	at com.google.cloud.datastore.emulator.impl.rules.DefaultEmulatorRulesAuthorizer.verboseError(DefaultEmulatorRulesAuthorizer.java:349)
	at com.google.cloud.datastore.emulator.impl.rules.DefaultEmulatorRulesAuthorizer.withVerboseErrors(DefaultEmulatorRulesAuthorizer.java:326)
	at com.google.cloud.datastore.emulator.impl.rules.DefaultEmulatorRulesAuthorizer.checkCommit(DefaultEmulatorRulesAuthorizer.java:113)
	at com.google.cloud.datastore.emulator.impl.firestore.FirestoreEmulatorHelper.commitHelper(FirestoreEmulatorHelper.java:407)
	at com.google.cloud.datastore.emulator.impl.firestore.FirestoreEmulatorHelper.internalCommit(FirestoreEmulatorHelper.java:348)
	at com.google.cloud.datastore.emulator.impl.firestore.CloudFirestoreV1.internalCommit(CloudFirestoreV1.java:1336)
	at com.google.cloud.datastore.emulator.impl.firestore.CloudFirestoreV1.write(CloudFirestoreV1.java:1321)
	at com.google.cloud.datastore.emulator.impl.firestore.CloudFirestoreV1WriteStream.handleRequest(CloudFirestoreV1WriteStream.java:222)
	at com.google.cloud.datastore.emulator.impl.firestore.CloudFirestoreV1WriteStream.write(CloudFirestoreV1WriteStream.java:144)
	at com.google.cloud.datastore.emulator.impl.firestore.CloudFirestoreV1WriteStream.onNext(CloudFirestoreV1WriteStream.java:99)
	at com.google.cloud.datastore.emulator.impl.firestore.CloudFirestoreV1WriteStream.onNext(CloudFirestoreV1WriteStream.java:27)
	at io.grpc.stub.ServerCalls$StreamingServerCallHandler$StreamingServerCallListener.onMessage(ServerCalls.java:262)
	at io.grpc.ForwardingServerCallListener.onMessage(ForwardingServerCallListener.java:33)
	at io.grpc.Contexts$ContextualizedServerCallListener.onMessage(Contexts.java:76)
	at io.grpc.ForwardingServerCallListener.onMessage(ForwardingServerCallListener.java:33)
	at io.grpc.Contexts$ContextualizedServerCallListener.onMessage(Contexts.java:76)
	at io.grpc.internal.ServerCallImpl$ServerStreamListenerImpl.messagesAvailableInternal(ServerCallImpl.java:334)
	at io.grpc.internal.ServerCallImpl$ServerStreamListenerImpl.messagesAvailable(ServerCallImpl.java:319)
	at io.grpc.internal.ServerImpl$JumpToApplicationThreadServerStreamListener$1MessagesAvailable.runInContext(ServerImpl.java:852)
	at io.grpc.internal.ContextRunnable.run(ContextRunnable.java:37)
	at io.grpc.internal.SerializingExecutor.run(SerializingExecutor.java:133)
	at java.base/java.util.concurrent.ThreadPoolExecutor.runWorker(ThreadPoolExecutor.java:1144)
	at java.base/java.util.concurrent.ThreadPoolExecutor$Worker.run(ThreadPoolExecutor.java:642)
	at java.base/java.lang.Thread.run(Thread.java:1583)

Sep 15, 2026 7:00:07 PM com.google.cloud.datastore.emulator.impl.util.WrappedStreamObserver onError
WARNING: Operation failed: 
false for 'create' @ L265, false for 'create' @ L1024, false for 'update' @ L277, false for 'update' @ L1024
com.google.cloud.datastore.core.exception.DatastoreException: 
false for 'create' @ L265, false for 'create' @ L1024, false for 'update' @ L277, false for 'update' @ L1024
	at com.google.cloud.datastore.core.exception.DatastoreException$Builder.build(DatastoreException.java:152)
	at com.google.cloud.datastore.emulator.impl.rules.DefaultEmulatorRulesAuthorizer.verboseError(DefaultEmulatorRulesAuthorizer.java:349)
	at com.google.cloud.datastore.emulator.impl.rules.DefaultEmulatorRulesAuthorizer.withVerboseErrors(DefaultEmulatorRulesAuthorizer.java:326)
	at com.google.cloud.datastore.emulator.impl.rules.DefaultEmulatorRulesAuthorizer.checkCommit(DefaultEmulatorRulesAuthorizer.java:113)
	at com.google.cloud.datastore.emulator.impl.firestore.FirestoreEmulatorHelper.commitHelper(FirestoreEmulatorHelper.java:407)
	at com.google.cloud.datastore.emulator.impl.firestore.FirestoreEmulatorHelper.internalCommit(FirestoreEmulatorHelper.java:348)
	at com.google.cloud.datastore.emulator.impl.firestore.CloudFirestoreV1.internalCommit(CloudFirestoreV1.java:1336)
	at com.google.cloud.datastore.emulator.impl.firestore.CloudFirestoreV1.write(CloudFirestoreV1.java:1321)
	at com.google.cloud.datastore.emulator.impl.firestore.CloudFirestoreV1WriteStream.handleRequest(CloudFirestoreV1WriteStream.java:222)
	at com.google.cloud.datastore.emulator.impl.firestore.CloudFirestoreV1WriteStream.write(CloudFirestoreV1WriteStream.java:144)
	at com.google.cloud.datastore.emulator.impl.firestore.CloudFirestoreV1WriteStream.onNext(CloudFirestoreV1WriteStream.java:99)
	at com.google.cloud.datastore.emulator.impl.firestore.CloudFirestoreV1WriteStream.onNext(CloudFirestoreV1WriteStream.java:27)
	at io.grpc.stub.ServerCalls$StreamingServerCallHandler$StreamingServerCallListener.onMessage(ServerCalls.java:262)
	at io.grpc.ForwardingServerCallListener.onMessage(ForwardingServerCallListener.java:33)
	at io.grpc.Contexts$ContextualizedServerCallListener.onMessage(Contexts.java:76)
	at io.grpc.ForwardingServerCallListener.onMessage(ForwardingServerCallListener.java:33)
	at io.grpc.Contexts$ContextualizedServerCallListener.onMessage(Contexts.java:76)
	at io.grpc.internal.ServerCallImpl$ServerStreamListenerImpl.messagesAvailableInternal(ServerCallImpl.java:334)
	at io.grpc.internal.ServerCallImpl$ServerStreamListenerImpl.messagesAvailable(ServerCallImpl.java:319)
	at io.grpc.internal.ServerImpl$JumpToApplicationThreadServerStreamListener$1MessagesAvailable.runInContext(ServerImpl.java:852)
	at io.grpc.internal.ContextRunnable.run(ContextRunnable.java:37)
	at io.grpc.internal.SerializingExecutor.run(SerializingExecutor.java:133)
	at java.base/java.util.concurrent.ThreadPoolExecutor.runWorker(ThreadPoolExecutor.java:1144)
	at java.base/java.util.concurrent.ThreadPoolExecutor$Worker.run(ThreadPoolExecutor.java:642)
	at java.base/java.lang.Thread.run(Thread.java:1583)

Sep 15, 2026 7:00:07 PM com.google.cloud.datastore.emulator.impl.util.WrappedStreamObserver onError
WARNING: Operation failed: 
evaluation error at L906:24 for 'create' @ L906, false for 'create' @ L1024, evaluation error at L920:9 for 'update' @ L920, false for 'update' @ L1024, evaluation error at L465:9 for 'update' @ L465, false for 'update' @ L1024, false for 'update' @ L465, false for 'update' @ L1024
com.google.cloud.datastore.core.exception.DatastoreException: 
evaluation error at L906:24 for 'create' @ L906, false for 'create' @ L1024, evaluation error at L920:9 for 'update' @ L920, false for 'update' @ L1024, evaluation error at L465:9 for 'update' @ L465, false for 'update' @ L1024, false for 'update' @ L465, false for 'update' @ L1024
	at com.google.cloud.datastore.core.exception.DatastoreException$Builder.build(DatastoreException.java:152)
	at com.google.cloud.datastore.emulator.impl.rules.DefaultEmulatorRulesAuthorizer.verboseError(DefaultEmulatorRulesAuthorizer.java:349)
	at com.google.cloud.datastore.emulator.impl.rules.DefaultEmulatorRulesAuthorizer.withVerboseErrors(DefaultEmulatorRulesAuthorizer.java:326)
	at com.google.cloud.datastore.emulator.impl.rules.DefaultEmulatorRulesAuthorizer.checkCommit(DefaultEmulatorRulesAuthorizer.java:113)
	at com.google.cloud.datastore.emulator.impl.firestore.FirestoreEmulatorHelper.commitHelper(FirestoreEmulatorHelper.java:407)
	at com.google.cloud.datastore.emulator.impl.firestore.FirestoreEmulatorHelper.internalCommit(FirestoreEmulatorHelper.java:348)
	at com.google.cloud.datastore.emulator.impl.firestore.CloudFirestoreV1.internalCommit(CloudFirestoreV1.java:1336)
	at com.google.cloud.datastore.emulator.impl.firestore.CloudFirestoreV1.write(CloudFirestoreV1.java:1321)
	at com.google.cloud.datastore.emulator.impl.firestore.CloudFirestoreV1WriteStream.handleRequest(CloudFirestoreV1WriteStream.java:222)
	at com.google.cloud.datastore.emulator.impl.firestore.CloudFirestoreV1WriteStream.write(CloudFirestoreV1WriteStream.java:144)
	at com.google.cloud.datastore.emulator.impl.firestore.CloudFirestoreV1WriteStream.onNext(CloudFirestoreV1WriteStream.java:99)
	at com.google.cloud.datastore.emulator.impl.firestore.CloudFirestoreV1WriteStream.onNext(CloudFirestoreV1WriteStream.java:27)
	at io.grpc.stub.ServerCalls$StreamingServerCallHandler$StreamingServerCallListener.onMessage(ServerCalls.java:262)
	at io.grpc.ForwardingServerCallListener.onMessage(ForwardingServerCallListener.java:33)
	at io.grpc.Contexts$ContextualizedServerCallListener.onMessage(Contexts.java:76)
	at io.grpc.ForwardingServerCallListener.onMessage(ForwardingServerCallListener.java:33)
	at io.grpc.Contexts$ContextualizedServerCallListener.onMessage(Contexts.java:76)
	at io.grpc.internal.ServerCallImpl$ServerStreamListenerImpl.messagesAvailableInternal(ServerCallImpl.java:334)
	at io.grpc.internal.ServerCallImpl$ServerStreamListenerImpl.messagesAvailable(ServerCallImpl.java:319)
	at io.grpc.internal.ServerImpl$JumpToApplicationThreadServerStreamListener$1MessagesAvailable.runInContext(ServerImpl.java:852)
	at io.grpc.internal.ContextRunnable.run(ContextRunnable.java:37)
	at io.grpc.internal.SerializingExecutor.run(SerializingExecutor.java:133)
	at java.base/java.util.concurrent.ThreadPoolExecutor.runWorker(ThreadPoolExecutor.java:1144)
	at java.base/java.util.concurrent.ThreadPoolExecutor$Worker.run(ThreadPoolExecutor.java:642)
	at java.base/java.lang.Thread.run(Thread.java:1583)

Sep 15, 2026 7:00:07 PM com.google.cloud.datastore.emulator.impl.util.WrappedStreamObserver onError
WARNING: Operation failed: 
evaluation error at L906:24 for 'create' @ L906, false for 'create' @ L1024, evaluation error at L920:9 for 'update' @ L920, false for 'update' @ L1024, evaluation error at L465:9 for 'update' @ L465, false for 'update' @ L1024, false for 'update' @ L465, false for 'update' @ L1024
com.google.cloud.datastore.core.exception.DatastoreException: 
evaluation error at L906:24 for 'create' @ L906, false for 'create' @ L1024, evaluation error at L920:9 for 'update' @ L920, false for 'update' @ L1024, evaluation error at L465:9 for 'update' @ L465, false for 'update' @ L1024, false for 'update' @ L465, false for 'update' @ L1024
	at com.google.cloud.datastore.core.exception.DatastoreException$Builder.build(DatastoreException.java:152)
	at com.google.cloud.datastore.emulator.impl.rules.DefaultEmulatorRulesAuthorizer.verboseError(DefaultEmulatorRulesAuthorizer.java:349)
	at com.google.cloud.datastore.emulator.impl.rules.DefaultEmulatorRulesAuthorizer.withVerboseErrors(DefaultEmulatorRulesAuthorizer.java:326)
	at com.google.cloud.datastore.emulator.impl.rules.DefaultEmulatorRulesAuthorizer.checkCommit(DefaultEmulatorRulesAuthorizer.java:113)
	at com.google.cloud.datastore.emulator.impl.firestore.FirestoreEmulatorHelper.commitHelper(FirestoreEmulatorHelper.java:407)
	at com.google.cloud.datastore.emulator.impl.firestore.FirestoreEmulatorHelper.internalCommit(FirestoreEmulatorHelper.java:348)
	at com.google.cloud.datastore.emulator.impl.firestore.CloudFirestoreV1.internalCommit(CloudFirestoreV1.java:1336)
	at com.google.cloud.datastore.emulator.impl.firestore.CloudFirestoreV1.write(CloudFirestoreV1.java:1321)
	at com.google.cloud.datastore.emulator.impl.firestore.CloudFirestoreV1WriteStream.handleRequest(CloudFirestoreV1WriteStream.java:222)
	at com.google.cloud.datastore.emulator.impl.firestore.CloudFirestoreV1WriteStream.write(CloudFirestoreV1WriteStream.java:144)
	at com.google.cloud.datastore.emulator.impl.firestore.CloudFirestoreV1WriteStream.onNext(CloudFirestoreV1WriteStream.java:99)
	at com.google.cloud.datastore.emulator.impl.firestore.CloudFirestoreV1WriteStream.onNext(CloudFirestoreV1WriteStream.java:27)
	at io.grpc.stub.ServerCalls$StreamingServerCallHandler$StreamingServerCallListener.onMessage(ServerCalls.java:262)
	at io.grpc.ForwardingServerCallListener.onMessage(ForwardingServerCallListener.java:33)
	at io.grpc.Contexts$ContextualizedServerCallListener.onMessage(Contexts.java:76)
	at io.grpc.ForwardingServerCallListener.onMessage(ForwardingServerCallListener.java:33)
	at io.grpc.Contexts$ContextualizedServerCallListener.onMessage(Contexts.java:76)
	at io.grpc.internal.ServerCallImpl$ServerStreamListenerImpl.messagesAvailableInternal(ServerCallImpl.java:334)
	at io.grpc.internal.ServerCallImpl$ServerStreamListenerImpl.messagesAvailable(ServerCallImpl.java:319)
	at io.grpc.internal.ServerImpl$JumpToApplicationThreadServerStreamListener$1MessagesAvailable.runInContext(ServerImpl.java:852)
	at io.grpc.internal.ContextRunnable.run(ContextRunnable.java:37)
	at io.grpc.internal.SerializingExecutor.run(SerializingExecutor.java:133)
	at java.base/java.util.concurrent.ThreadPoolExecutor.runWorker(ThreadPoolExecutor.java:1144)
	at java.base/java.util.concurrent.ThreadPoolExecutor$Worker.run(ThreadPoolExecutor.java:642)
	at java.base/java.lang.Thread.run(Thread.java:1583)

Sep 15, 2026 7:00:08 PM com.google.cloud.datastore.emulator.impl.util.WrappedStreamObserver onError
WARNING: Operation failed: 
evaluation error at L465:9 for 'update' @ L465, false for 'update' @ L1024, false for 'update' @ L465, false for 'update' @ L1024
com.google.cloud.datastore.core.exception.DatastoreException: 
evaluation error at L465:9 for 'update' @ L465, false for 'update' @ L1024, false for 'update' @ L465, false for 'update' @ L1024
	at com.google.cloud.datastore.core.exception.DatastoreException$Builder.build(DatastoreException.java:152)
	at com.google.cloud.datastore.emulator.impl.rules.DefaultEmulatorRulesAuthorizer.verboseError(DefaultEmulatorRulesAuthorizer.java:349)
	at com.google.cloud.datastore.emulator.impl.rules.DefaultEmulatorRulesAuthorizer.withVerboseErrors(DefaultEmulatorRulesAuthorizer.java:326)
	at com.google.cloud.datastore.emulator.impl.rules.DefaultEmulatorRulesAuthorizer.checkCommit(DefaultEmulatorRulesAuthorizer.java:113)
	at com.google.cloud.datastore.emulator.impl.firestore.FirestoreEmulatorHelper.commitHelper(FirestoreEmulatorHelper.java:407)
	at com.google.cloud.datastore.emulator.impl.firestore.FirestoreEmulatorHelper.internalCommit(FirestoreEmulatorHelper.java:348)
	at com.google.cloud.datastore.emulator.impl.firestore.CloudFirestoreV1.internalCommit(CloudFirestoreV1.java:1336)
	at com.google.cloud.datastore.emulator.impl.firestore.CloudFirestoreV1.write(CloudFirestoreV1.java:1321)
	at com.google.cloud.datastore.emulator.impl.firestore.CloudFirestoreV1WriteStream.handleRequest(CloudFirestoreV1WriteStream.java:222)
	at com.google.cloud.datastore.emulator.impl.firestore.CloudFirestoreV1WriteStream.write(CloudFirestoreV1WriteStream.java:144)
	at com.google.cloud.datastore.emulator.impl.firestore.CloudFirestoreV1WriteStream.onNext(CloudFirestoreV1WriteStream.java:99)
	at com.google.cloud.datastore.emulator.impl.firestore.CloudFirestoreV1WriteStream.onNext(CloudFirestoreV1WriteStream.java:27)
	at io.grpc.stub.ServerCalls$StreamingServerCallHandler$StreamingServerCallListener.onMessage(ServerCalls.java:262)
	at io.grpc.ForwardingServerCallListener.onMessage(ForwardingServerCallListener.java:33)
	at io.grpc.Contexts$ContextualizedServerCallListener.onMessage(Contexts.java:76)
	at io.grpc.ForwardingServerCallListener.onMessage(ForwardingServerCallListener.java:33)
	at io.grpc.Contexts$ContextualizedServerCallListener.onMessage(Contexts.java:76)
	at io.grpc.internal.ServerCallImpl$ServerStreamListenerImpl.messagesAvailableInternal(ServerCallImpl.java:334)
	at io.grpc.internal.ServerCallImpl$ServerStreamListenerImpl.messagesAvailable(ServerCallImpl.java:319)
	at io.grpc.internal.ServerImpl$JumpToApplicationThreadServerStreamListener$1MessagesAvailable.runInContext(ServerImpl.java:852)
	at io.grpc.internal.ContextRunnable.run(ContextRunnable.java:37)
	at io.grpc.internal.SerializingExecutor.run(SerializingExecutor.java:133)
	at java.base/java.util.concurrent.ThreadPoolExecutor.runWorker(ThreadPoolExecutor.java:1144)
	at java.base/java.util.concurrent.ThreadPoolExecutor$Worker.run(ThreadPoolExecutor.java:642)
	at java.base/java.lang.Thread.run(Thread.java:1583)

Sep 15, 2026 7:00:08 PM com.google.cloud.datastore.emulator.impl.util.WrappedStreamObserver onError
WARNING: Operation failed: 
evaluation error at L906:24 for 'create' @ L906, false for 'create' @ L1024, evaluation error at L920:9 for 'update' @ L920, false for 'update' @ L1024, evaluation error at L465:9 for 'update' @ L465, false for 'update' @ L1024, false for 'update' @ L465, false for 'update' @ L1024, Null value error. for 'create' @ L906, false for 'create' @ L1024
com.google.cloud.datastore.core.exception.DatastoreException: 
evaluation error at L906:24 for 'create' @ L906, false for 'create' @ L1024, evaluation error at L920:9 for 'update' @ L920, false for 'update' @ L1024, evaluation error at L465:9 for 'update' @ L465, false for 'update' @ L1024, false for 'update' @ L465, false for 'update' @ L1024, Null value error. for 'create' @ L906, false for 'create' @ L1024
	at com.google.cloud.datastore.core.exception.DatastoreException$Builder.build(DatastoreException.java:152)
	at com.google.cloud.datastore.emulator.impl.rules.DefaultEmulatorRulesAuthorizer.verboseError(DefaultEmulatorRulesAuthorizer.java:349)
	at com.google.cloud.datastore.emulator.impl.rules.DefaultEmulatorRulesAuthorizer.withVerboseErrors(DefaultEmulatorRulesAuthorizer.java:326)
	at com.google.cloud.datastore.emulator.impl.rules.DefaultEmulatorRulesAuthorizer.checkCommit(DefaultEmulatorRulesAuthorizer.java:113)
	at com.google.cloud.datastore.emulator.impl.firestore.FirestoreEmulatorHelper.commitHelper(FirestoreEmulatorHelper.java:407)
	at com.google.cloud.datastore.emulator.impl.firestore.FirestoreEmulatorHelper.internalCommit(FirestoreEmulatorHelper.java:348)
	at com.google.cloud.datastore.emulator.impl.firestore.CloudFirestoreV1.internalCommit(CloudFirestoreV1.java:1336)
	at com.google.cloud.datastore.emulator.impl.firestore.CloudFirestoreV1.write(CloudFirestoreV1.java:1321)
	at com.google.cloud.datastore.emulator.impl.firestore.CloudFirestoreV1WriteStream.handleRequest(CloudFirestoreV1WriteStream.java:222)
	at com.google.cloud.datastore.emulator.impl.firestore.CloudFirestoreV1WriteStream.write(CloudFirestoreV1WriteStream.java:144)
	at com.google.cloud.datastore.emulator.impl.firestore.CloudFirestoreV1WriteStream.onNext(CloudFirestoreV1WriteStream.java:99)
	at com.google.cloud.datastore.emulator.impl.firestore.CloudFirestoreV1WriteStream.onNext(CloudFirestoreV1WriteStream.java:27)
	at io.grpc.stub.ServerCalls$StreamingServerCallHandler$StreamingServerCallListener.onMessage(ServerCalls.java:262)
	at io.grpc.ForwardingServerCallListener.onMessage(ForwardingServerCallListener.java:33)
	at io.grpc.Contexts$ContextualizedServerCallListener.onMessage(Contexts.java:76)
	at io.grpc.ForwardingServerCallListener.onMessage(ForwardingServerCallListener.java:33)
	at io.grpc.Contexts$ContextualizedServerCallListener.onMessage(Contexts.java:76)
	at io.grpc.internal.ServerCallImpl$ServerStreamListenerImpl.messagesAvailableInternal(ServerCallImpl.java:334)
	at io.grpc.internal.ServerCallImpl$ServerStreamListenerImpl.messagesAvailable(ServerCallImpl.java:319)
	at io.grpc.internal.ServerImpl$JumpToApplicationThreadServerStreamListener$1MessagesAvailable.runInContext(ServerImpl.java:852)
	at io.grpc.internal.ContextRunnable.run(ContextRunnable.java:37)
	at io.grpc.internal.SerializingExecutor.run(SerializingExecutor.java:133)
	at java.base/java.util.concurrent.ThreadPoolExecutor.runWorker(ThreadPoolExecutor.java:1144)
	at java.base/java.util.concurrent.ThreadPoolExecutor$Worker.run(ThreadPoolExecutor.java:642)
	at java.base/java.lang.Thread.run(Thread.java:1583)
Caused by: com.google.firebase.rules.runtime.common.EvaluationException: Error:  line [879], column [17]. Null value error.
	at com.google.firebase.rules.runtime.impl.DefaultEvaluator$TransformEvaluationException.apply(DefaultEvaluator.java:275)
	at com.google.firebase.rules.runtime.impl.DefaultEvaluator$TransformEvaluationException.apply(DefaultEvaluator.java:261)
	at com.google.common.util.concurrent.AbstractCatchingFuture$AsyncCatchingFuture.doFallback(AbstractCatchingFuture.java:207)
	at com.google.common.util.concurrent.AbstractCatchingFuture$AsyncCatchingFuture.doFallback(AbstractCatchingFuture.java:194)
	at com.google.common.util.concurrent.AbstractCatchingFuture.run(AbstractCatchingFuture.java:136)
	at com.google.common.util.concurrent.DirectExecutor.execute(DirectExecutor.java:30)
	at com.google.common.util.concurrent.AbstractFuture.executeListener(AbstractFuture.java:1045)
	at com.google.common.util.concurrent.AbstractFuture.addListener(AbstractFuture.java:492)
	at com.google.common.util.concurrent.FluentFuture$TrustedFuture.addListener(FluentFuture.java:122)
	at com.google.common.util.concurrent.AbstractCatchingFuture.createAsync(AbstractCatchingFuture.java:58)
	at com.google.common.util.concurrent.Futures.catchingAsync(Futures.java:411)
	at com.google.firebase.rules.runtime.impl.DefaultEvaluator.evaluate(DefaultEvaluator.java:177)
	at com.google.cloud.datastore.emulator.impl.rules.EmulatorRuleClient$EmulatorRuleEvaluator.evaluate(EmulatorRuleClient.java:88)
	at com.google.cloud.datastore.core.auth.rules.AsyncTwoPhaseRulesAuthorizer.lambda$fullEvaluate$0(AsyncTwoPhaseRulesAuthorizer.java:993)
	at com.google.cloud.datastore.computation.Computation.tryCatch(Computation.java:472)
	at com.google.cloud.datastore.core.auth.rules.AsyncTwoPhaseRulesAuthorizer.fullEvaluate(AsyncTwoPhaseRulesAuthorizer.java:992)
	at com.google.cloud.datastore.core.auth.rules.AsyncTwoPhaseRulesAuthorizer$WriteAuthorizerImpl.lambda$checkWrite$0(AsyncTwoPhaseRulesAuthorizer.java:1227)
	at com.google.cloud.datastore.computation.Computation.lambda$tryClose$1(Computation.java:741)
	at com.google.cloud.datastore.computation.Computation.tryCatch(Computation.java:472)
	at com.google.cloud.datastore.computation.Computation.tryFinally(Computation.java:708)
	at com.google.cloud.datastore.computation.Computation.tryFinally(Computation.java:714)
	at com.google.cloud.datastore.computation.Computation.tryClose(Computation.java:741)
	at com.google.cloud.datastore.core.auth.rules.AsyncTwoPhaseRulesAuthorizer$WriteAuthorizerImpl.checkWrite(AsyncTwoPhaseRulesAuthorizer.java:1199)
	at com.google.cloud.datastore.emulator.impl.rules.DefaultEmulatorRulesAuthorizer.lambda$checkCommit$2(DefaultEmulatorRulesAuthorizer.java:124)
	at com.google.cloud.datastore.computation.Computation.run(Computation.java:82)
	at com.google.cloud.datastore.computation.Computation$Terminated.toFuture(Computation.java:950)
	at com.google.cloud.datastore.computation.Computation.toFuture(Computation.java:93)
	at com.google.cloud.datastore.emulator.impl.rules.DefaultEmulatorRulesAuthorizer.finish(DefaultEmulatorRulesAuthorizer.java:308)
	at com.google.cloud.datastore.emulator.impl.rules.DefaultEmulatorRulesAuthorizer.lambda$checkCommit$0(DefaultEmulatorRulesAuthorizer.java:122)
	at com.google.cloud.datastore.emulator.impl.rules.DefaultEmulatorRulesAuthorizer.withVerboseErrors(DefaultEmulatorRulesAuthorizer.java:321)
	... 22 more

Sep 15, 2026 7:00:08 PM com.google.cloud.datastore.emulator.impl.util.WrappedStreamObserver onError
WARNING: Operation failed: 
false for 'create' @ L906, false for 'create' @ L1024, evaluation error at L920:9 for 'update' @ L920, false for 'update' @ L1024, evaluation error at L465:9 for 'update' @ L465, false for 'update' @ L1024, false for 'update' @ L465, false for 'update' @ L1024, false for 'create' @ L906, false for 'create' @ L1024
com.google.cloud.datastore.core.exception.DatastoreException: 
false for 'create' @ L906, false for 'create' @ L1024, evaluation error at L920:9 for 'update' @ L920, false for 'update' @ L1024, evaluation error at L465:9 for 'update' @ L465, false for 'update' @ L1024, false for 'update' @ L465, false for 'update' @ L1024, false for 'create' @ L906, false for 'create' @ L1024
	at com.google.cloud.datastore.core.exception.DatastoreException$Builder.build(DatastoreException.java:152)
	at com.google.cloud.datastore.emulator.impl.rules.DefaultEmulatorRulesAuthorizer.verboseError(DefaultEmulatorRulesAuthorizer.java:349)
	at com.google.cloud.datastore.emulator.impl.rules.DefaultEmulatorRulesAuthorizer.withVerboseErrors(DefaultEmulatorRulesAuthorizer.java:326)
	at com.google.cloud.datastore.emulator.impl.rules.DefaultEmulatorRulesAuthorizer.checkCommit(DefaultEmulatorRulesAuthorizer.java:113)
	at com.google.cloud.datastore.emulator.impl.firestore.FirestoreEmulatorHelper.commitHelper(FirestoreEmulatorHelper.java:407)
	at com.google.cloud.datastore.emulator.impl.firestore.FirestoreEmulatorHelper.internalCommit(FirestoreEmulatorHelper.java:348)
	at com.google.cloud.datastore.emulator.impl.firestore.CloudFirestoreV1.internalCommit(CloudFirestoreV1.java:1336)
	at com.google.cloud.datastore.emulator.impl.firestore.CloudFirestoreV1.write(CloudFirestoreV1.java:1321)
	at com.google.cloud.datastore.emulator.impl.firestore.CloudFirestoreV1WriteStream.handleRequest(CloudFirestoreV1WriteStream.java:222)
	at com.google.cloud.datastore.emulator.impl.firestore.CloudFirestoreV1WriteStream.write(CloudFirestoreV1WriteStream.java:144)
	at com.google.cloud.datastore.emulator.impl.firestore.CloudFirestoreV1WriteStream.onNext(CloudFirestoreV1WriteStream.java:99)
	at com.google.cloud.datastore.emulator.impl.firestore.CloudFirestoreV1WriteStream.onNext(CloudFirestoreV1WriteStream.java:27)
	at io.grpc.stub.ServerCalls$StreamingServerCallHandler$StreamingServerCallListener.onMessage(ServerCalls.java:262)
	at io.grpc.ForwardingServerCallListener.onMessage(ForwardingServerCallListener.java:33)
	at io.grpc.Contexts$ContextualizedServerCallListener.onMessage(Contexts.java:76)
	at io.grpc.ForwardingServerCallListener.onMessage(ForwardingServerCallListener.java:33)
	at io.grpc.Contexts$ContextualizedServerCallListener.onMessage(Contexts.java:76)
	at io.grpc.internal.ServerCallImpl$ServerStreamListenerImpl.messagesAvailableInternal(ServerCallImpl.java:334)
	at io.grpc.internal.ServerCallImpl$ServerStreamListenerImpl.messagesAvailable(ServerCallImpl.java:319)
	at io.grpc.internal.ServerImpl$JumpToApplicationThreadServerStreamListener$1MessagesAvailable.runInContext(ServerImpl.java:852)
	at io.grpc.internal.ContextRunnable.run(ContextRunnable.java:37)
	at io.grpc.internal.SerializingExecutor.run(SerializingExecutor.java:133)
	at java.base/java.util.concurrent.ThreadPoolExecutor.runWorker(ThreadPoolExecutor.java:1144)
	at java.base/java.util.concurrent.ThreadPoolExecutor$Worker.run(ThreadPoolExecutor.java:642)
	at java.base/java.lang.Thread.run(Thread.java:1583)

Sep 15, 2026 7:00:09 PM com.google.cloud.datastore.emulator.impl.util.WrappedStreamObserver onError
WARNING: Operation failed: 
evaluation error at L906:24 for 'create' @ L906, false for 'create' @ L1024, evaluation error at L920:9 for 'update' @ L920, false for 'update' @ L1024, evaluation error at L465:9 for 'update' @ L465, false for 'update' @ L1024, false for 'update' @ L465, false for 'update' @ L1024, false for 'create' @ L906, false for 'create' @ L1024
com.google.cloud.datastore.core.exception.DatastoreException: 
evaluation error at L906:24 for 'create' @ L906, false for 'create' @ L1024, evaluation error at L920:9 for 'update' @ L920, false for 'update' @ L1024, evaluation error at L465:9 for 'update' @ L465, false for 'update' @ L1024, false for 'update' @ L465, false for 'update' @ L1024, false for 'create' @ L906, false for 'create' @ L1024
	at com.google.cloud.datastore.core.exception.DatastoreException$Builder.build(DatastoreException.java:152)
	at com.google.cloud.datastore.emulator.impl.rules.DefaultEmulatorRulesAuthorizer.verboseError(DefaultEmulatorRulesAuthorizer.java:349)
	at com.google.cloud.datastore.emulator.impl.rules.DefaultEmulatorRulesAuthorizer.withVerboseErrors(DefaultEmulatorRulesAuthorizer.java:326)
	at com.google.cloud.datastore.emulator.impl.rules.DefaultEmulatorRulesAuthorizer.checkCommit(DefaultEmulatorRulesAuthorizer.java:113)
	at com.google.cloud.datastore.emulator.impl.firestore.FirestoreEmulatorHelper.commitHelper(FirestoreEmulatorHelper.java:407)
	at com.google.cloud.datastore.emulator.impl.firestore.FirestoreEmulatorHelper.internalCommit(FirestoreEmulatorHelper.java:348)
	at com.google.cloud.datastore.emulator.impl.firestore.CloudFirestoreV1.internalCommit(CloudFirestoreV1.java:1336)
	at com.google.cloud.datastore.emulator.impl.firestore.CloudFirestoreV1.write(CloudFirestoreV1.java:1321)
	at com.google.cloud.datastore.emulator.impl.firestore.CloudFirestoreV1WriteStream.handleRequest(CloudFirestoreV1WriteStream.java:222)
	at com.google.cloud.datastore.emulator.impl.firestore.CloudFirestoreV1WriteStream.write(CloudFirestoreV1WriteStream.java:144)
	at com.google.cloud.datastore.emulator.impl.firestore.CloudFirestoreV1WriteStream.onNext(CloudFirestoreV1WriteStream.java:99)
	at com.google.cloud.datastore.emulator.impl.firestore.CloudFirestoreV1WriteStream.onNext(CloudFirestoreV1WriteStream.java:27)
	at io.grpc.stub.ServerCalls$StreamingServerCallHandler$StreamingServerCallListener.onMessage(ServerCalls.java:262)
	at io.grpc.ForwardingServerCallListener.onMessage(ForwardingServerCallListener.java:33)
	at io.grpc.Contexts$ContextualizedServerCallListener.onMessage(Contexts.java:76)
	at io.grpc.ForwardingServerCallListener.onMessage(ForwardingServerCallListener.java:33)
	at io.grpc.Contexts$ContextualizedServerCallListener.onMessage(Contexts.java:76)
	at io.grpc.internal.ServerCallImpl$ServerStreamListenerImpl.messagesAvailableInternal(ServerCallImpl.java:334)
	at io.grpc.internal.ServerCallImpl$ServerStreamListenerImpl.messagesAvailable(ServerCallImpl.java:319)
	at io.grpc.internal.ServerImpl$JumpToApplicationThreadServerStreamListener$1MessagesAvailable.runInContext(ServerImpl.java:852)
	at io.grpc.internal.ContextRunnable.run(ContextRunnable.java:37)
	at io.grpc.internal.SerializingExecutor.run(SerializingExecutor.java:133)
	at java.base/java.util.concurrent.ThreadPoolExecutor.runWorker(ThreadPoolExecutor.java:1144)
	at java.base/java.util.concurrent.ThreadPoolExecutor$Worker.run(ThreadPoolExecutor.java:642)
	at java.base/java.lang.Thread.run(Thread.java:1583)

Sep 15, 2026 7:00:10 PM com.google.cloud.datastore.emulator.impl.util.WrappedStreamObserver onError
WARNING: Operation failed: 
evaluation error at L943:24 for 'delete' @ L943, false for 'delete' @ L1024, Null value error. for 'delete' @ L943, false for 'delete' @ L1024
com.google.cloud.datastore.core.exception.DatastoreException: 
evaluation error at L943:24 for 'delete' @ L943, false for 'delete' @ L1024, Null value error. for 'delete' @ L943, false for 'delete' @ L1024
	at com.google.cloud.datastore.core.exception.DatastoreException$Builder.build(DatastoreException.java:152)
	at com.google.cloud.datastore.emulator.impl.rules.DefaultEmulatorRulesAuthorizer.verboseError(DefaultEmulatorRulesAuthorizer.java:349)
	at com.google.cloud.datastore.emulator.impl.rules.DefaultEmulatorRulesAuthorizer.withVerboseErrors(DefaultEmulatorRulesAuthorizer.java:326)
	at com.google.cloud.datastore.emulator.impl.rules.DefaultEmulatorRulesAuthorizer.checkCommit(DefaultEmulatorRulesAuthorizer.java:113)
	at com.google.cloud.datastore.emulator.impl.firestore.FirestoreEmulatorHelper.commitHelper(FirestoreEmulatorHelper.java:407)
	at com.google.cloud.datastore.emulator.impl.firestore.FirestoreEmulatorHelper.internalCommit(FirestoreEmulatorHelper.java:348)
	at com.google.cloud.datastore.emulator.impl.firestore.CloudFirestoreV1.internalCommit(CloudFirestoreV1.java:1336)
	at com.google.cloud.datastore.emulator.impl.firestore.CloudFirestoreV1.write(CloudFirestoreV1.java:1321)
	at com.google.cloud.datastore.emulator.impl.firestore.CloudFirestoreV1WriteStream.handleRequest(CloudFirestoreV1WriteStream.java:222)
	at com.google.cloud.datastore.emulator.impl.firestore.CloudFirestoreV1WriteStream.write(CloudFirestoreV1WriteStream.java:144)
	at com.google.cloud.datastore.emulator.impl.firestore.CloudFirestoreV1WriteStream.onNext(CloudFirestoreV1WriteStream.java:99)
	at com.google.cloud.datastore.emulator.impl.firestore.CloudFirestoreV1WriteStream.onNext(CloudFirestoreV1WriteStream.java:27)
	at io.grpc.stub.ServerCalls$StreamingServerCallHandler$StreamingServerCallListener.onMessage(ServerCalls.java:262)
	at io.grpc.ForwardingServerCallListener.onMessage(ForwardingServerCallListener.java:33)
	at io.grpc.Contexts$ContextualizedServerCallListener.onMessage(Contexts.java:76)
	at io.grpc.ForwardingServerCallListener.onMessage(ForwardingServerCallListener.java:33)
	at io.grpc.Contexts$ContextualizedServerCallListener.onMessage(Contexts.java:76)
	at io.grpc.internal.ServerCallImpl$ServerStreamListenerImpl.messagesAvailableInternal(ServerCallImpl.java:334)
	at io.grpc.internal.ServerCallImpl$ServerStreamListenerImpl.messagesAvailable(ServerCallImpl.java:319)
	at io.grpc.internal.ServerImpl$JumpToApplicationThreadServerStreamListener$1MessagesAvailable.runInContext(ServerImpl.java:852)
	at io.grpc.internal.ContextRunnable.run(ContextRunnable.java:37)
	at io.grpc.internal.SerializingExecutor.run(SerializingExecutor.java:133)
	at java.base/java.util.concurrent.ThreadPoolExecutor.runWorker(ThreadPoolExecutor.java:1144)
	at java.base/java.util.concurrent.ThreadPoolExecutor$Worker.run(ThreadPoolExecutor.java:642)
	at java.base/java.lang.Thread.run(Thread.java:1583)
Caused by: com.google.firebase.rules.runtime.common.EvaluationException: Error:  line [127], column [14]. Null value error.
	at com.google.firebase.rules.runtime.impl.DefaultEvaluator$TransformEvaluationException.apply(DefaultEvaluator.java:275)
	at com.google.firebase.rules.runtime.impl.DefaultEvaluator$TransformEvaluationException.apply(DefaultEvaluator.java:261)
	at com.google.common.util.concurrent.AbstractCatchingFuture$AsyncCatchingFuture.doFallback(AbstractCatchingFuture.java:207)
	at com.google.common.util.concurrent.AbstractCatchingFuture$AsyncCatchingFuture.doFallback(AbstractCatchingFuture.java:194)
	at com.google.common.util.concurrent.AbstractCatchingFuture.run(AbstractCatchingFuture.java:136)
	at com.google.common.util.concurrent.DirectExecutor.execute(DirectExecutor.java:30)
	at com.google.common.util.concurrent.AbstractFuture.executeListener(AbstractFuture.java:1045)
	at com.google.common.util.concurrent.AbstractFuture.addListener(AbstractFuture.java:492)
	at com.google.common.util.concurrent.FluentFuture$TrustedFuture.addListener(FluentFuture.java:122)
	at com.google.common.util.concurrent.AbstractCatchingFuture.createAsync(AbstractCatchingFuture.java:58)
	at com.google.common.util.concurrent.Futures.catchingAsync(Futures.java:411)
	at com.google.firebase.rules.runtime.impl.DefaultEvaluator.evaluate(DefaultEvaluator.java:177)
	at com.google.cloud.datastore.emulator.impl.rules.EmulatorRuleClient$EmulatorRuleEvaluator.evaluate(EmulatorRuleClient.java:88)
	at com.google.cloud.datastore.core.auth.rules.AsyncTwoPhaseRulesAuthorizer.lambda$fullEvaluate$0(AsyncTwoPhaseRulesAuthorizer.java:993)
	at com.google.cloud.datastore.computation.Computation.tryCatch(Computation.java:472)
	at com.google.cloud.datastore.core.auth.rules.AsyncTwoPhaseRulesAuthorizer.fullEvaluate(AsyncTwoPhaseRulesAuthorizer.java:992)
	at com.google.cloud.datastore.core.auth.rules.AsyncTwoPhaseRulesAuthorizer$WriteAuthorizerImpl.lambda$checkWrite$0(AsyncTwoPhaseRulesAuthorizer.java:1227)
	at com.google.cloud.datastore.computation.Computation.lambda$tryClose$1(Computation.java:741)
	at com.google.cloud.datastore.computation.Computation.tryCatch(Computation.java:472)
	at com.google.cloud.datastore.computation.Computation.tryFinally(Computation.java:708)
	at com.google.cloud.datastore.computation.Computation.tryFinally(Computation.java:714)
	at com.google.cloud.datastore.computation.Computation.tryClose(Computation.java:741)
	at com.google.cloud.datastore.core.auth.rules.AsyncTwoPhaseRulesAuthorizer$WriteAuthorizerImpl.checkWrite(AsyncTwoPhaseRulesAuthorizer.java:1199)
	at com.google.cloud.datastore.emulator.impl.rules.DefaultEmulatorRulesAuthorizer.lambda$checkCommit$2(DefaultEmulatorRulesAuthorizer.java:124)
	at com.google.cloud.datastore.computation.Computation.run(Computation.java:82)
	at com.google.cloud.datastore.computation.Computation$Terminated.toFuture(Computation.java:950)
	at com.google.cloud.datastore.computation.Computation.toFuture(Computation.java:93)
	at com.google.cloud.datastore.emulator.impl.rules.DefaultEmulatorRulesAuthorizer.finish(DefaultEmulatorRulesAuthorizer.java:308)
	at com.google.cloud.datastore.emulator.impl.rules.DefaultEmulatorRulesAuthorizer.lambda$checkCommit$0(DefaultEmulatorRulesAuthorizer.java:122)
	at com.google.cloud.datastore.emulator.impl.rules.DefaultEmulatorRulesAuthorizer.withVerboseErrors(DefaultEmulatorRulesAuthorizer.java:321)
	... 22 more

Sep 15, 2026 7:00:11 PM com.google.cloud.datastore.emulator.impl.util.WrappedStreamObserver onError
WARNING: Operation failed: 
evaluation error at L374:26 for 'create' @ L374, false for 'create' @ L1024, false for 'update' @ L384, false for 'update' @ L1024, Null value error. for 'create' @ L374, false for 'create' @ L1024
com.google.cloud.datastore.core.exception.DatastoreException: 
evaluation error at L374:26 for 'create' @ L374, false for 'create' @ L1024, false for 'update' @ L384, false for 'update' @ L1024, Null value error. for 'create' @ L374, false for 'create' @ L1024
	at com.google.cloud.datastore.core.exception.DatastoreException$Builder.build(DatastoreException.java:152)
	at com.google.cloud.datastore.emulator.impl.rules.DefaultEmulatorRulesAuthorizer.verboseError(DefaultEmulatorRulesAuthorizer.java:349)
	at com.google.cloud.datastore.emulator.impl.rules.DefaultEmulatorRulesAuthorizer.withVerboseErrors(DefaultEmulatorRulesAuthorizer.java:326)
	at com.google.cloud.datastore.emulator.impl.rules.DefaultEmulatorRulesAuthorizer.checkCommit(DefaultEmulatorRulesAuthorizer.java:113)
	at com.google.cloud.datastore.emulator.impl.firestore.FirestoreEmulatorHelper.commitHelper(FirestoreEmulatorHelper.java:407)
	at com.google.cloud.datastore.emulator.impl.firestore.FirestoreEmulatorHelper.internalCommit(FirestoreEmulatorHelper.java:348)
	at com.google.cloud.datastore.emulator.impl.firestore.CloudFirestoreV1.internalCommit(CloudFirestoreV1.java:1336)
	at com.google.cloud.datastore.emulator.impl.firestore.CloudFirestoreV1.write(CloudFirestoreV1.java:1321)
	at com.google.cloud.datastore.emulator.impl.firestore.CloudFirestoreV1WriteStream.handleRequest(CloudFirestoreV1WriteStream.java:222)
	at com.google.cloud.datastore.emulator.impl.firestore.CloudFirestoreV1WriteStream.write(CloudFirestoreV1WriteStream.java:144)
	at com.google.cloud.datastore.emulator.impl.firestore.CloudFirestoreV1WriteStream.onNext(CloudFirestoreV1WriteStream.java:99)
	at com.google.cloud.datastore.emulator.impl.firestore.CloudFirestoreV1WriteStream.onNext(CloudFirestoreV1WriteStream.java:27)
	at io.grpc.stub.ServerCalls$StreamingServerCallHandler$StreamingServerCallListener.onMessage(ServerCalls.java:262)
	at io.grpc.ForwardingServerCallListener.onMessage(ForwardingServerCallListener.java:33)
	at io.grpc.Contexts$ContextualizedServerCallListener.onMessage(Contexts.java:76)
	at io.grpc.ForwardingServerCallListener.onMessage(ForwardingServerCallListener.java:33)
	at io.grpc.Contexts$ContextualizedServerCallListener.onMessage(Contexts.java:76)
	at io.grpc.internal.ServerCallImpl$ServerStreamListenerImpl.messagesAvailableInternal(ServerCallImpl.java:334)
	at io.grpc.internal.ServerCallImpl$ServerStreamListenerImpl.messagesAvailable(ServerCallImpl.java:319)
	at io.grpc.internal.ServerImpl$JumpToApplicationThreadServerStreamListener$1MessagesAvailable.runInContext(ServerImpl.java:852)
	at io.grpc.internal.ContextRunnable.run(ContextRunnable.java:37)
	at io.grpc.internal.SerializingExecutor.run(SerializingExecutor.java:133)
	at java.base/java.util.concurrent.ThreadPoolExecutor.runWorker(ThreadPoolExecutor.java:1144)
	at java.base/java.util.concurrent.ThreadPoolExecutor$Worker.run(ThreadPoolExecutor.java:642)
	at java.base/java.lang.Thread.run(Thread.java:1583)
Caused by: com.google.firebase.rules.runtime.common.EvaluationException: Error:  line [304], column [18]. Null value error.
	at com.google.firebase.rules.runtime.impl.DefaultEvaluator$TransformEvaluationException.apply(DefaultEvaluator.java:275)
	at com.google.firebase.rules.runtime.impl.DefaultEvaluator$TransformEvaluationException.apply(DefaultEvaluator.java:261)
	at com.google.common.util.concurrent.AbstractCatchingFuture$AsyncCatchingFuture.doFallback(AbstractCatchingFuture.java:207)
	at com.google.common.util.concurrent.AbstractCatchingFuture$AsyncCatchingFuture.doFallback(AbstractCatchingFuture.java:194)
	at com.google.common.util.concurrent.AbstractCatchingFuture.run(AbstractCatchingFuture.java:136)
	at com.google.common.util.concurrent.DirectExecutor.execute(DirectExecutor.java:30)
	at com.google.common.util.concurrent.AbstractFuture.executeListener(AbstractFuture.java:1045)
	at com.google.common.util.concurrent.AbstractFuture.addListener(AbstractFuture.java:492)
	at com.google.common.util.concurrent.FluentFuture$TrustedFuture.addListener(FluentFuture.java:122)
	at com.google.common.util.concurrent.AbstractCatchingFuture.createAsync(AbstractCatchingFuture.java:58)
	at com.google.common.util.concurrent.Futures.catchingAsync(Futures.java:411)
	at com.google.firebase.rules.runtime.impl.DefaultEvaluator.evaluate(DefaultEvaluator.java:177)
	at com.google.cloud.datastore.emulator.impl.rules.EmulatorRuleClient$EmulatorRuleEvaluator.evaluate(EmulatorRuleClient.java:88)
	at com.google.cloud.datastore.core.auth.rules.AsyncTwoPhaseRulesAuthorizer.lambda$fullEvaluate$0(AsyncTwoPhaseRulesAuthorizer.java:993)
	at com.google.cloud.datastore.computation.Computation.tryCatch(Computation.java:472)
	at com.google.cloud.datastore.core.auth.rules.AsyncTwoPhaseRulesAuthorizer.fullEvaluate(AsyncTwoPhaseRulesAuthorizer.java:992)
	at com.google.cloud.datastore.core.auth.rules.AsyncTwoPhaseRulesAuthorizer$WriteAuthorizerImpl.lambda$checkWrite$0(AsyncTwoPhaseRulesAuthorizer.java:1227)
	at com.google.cloud.datastore.computation.Computation.lambda$tryClose$1(Computation.java:741)
	at com.google.cloud.datastore.computation.Computation.tryCatch(Computation.java:472)
	at com.google.cloud.datastore.computation.Computation.tryFinally(Computation.java:708)
	at com.google.cloud.datastore.computation.Computation.tryFinally(Computation.java:714)
	at com.google.cloud.datastore.computation.Computation.tryClose(Computation.java:741)
	at com.google.cloud.datastore.core.auth.rules.AsyncTwoPhaseRulesAuthorizer$WriteAuthorizerImpl.checkWrite(AsyncTwoPhaseRulesAuthorizer.java:1199)
	at com.google.cloud.datastore.emulator.impl.rules.DefaultEmulatorRulesAuthorizer.lambda$checkCommit$2(DefaultEmulatorRulesAuthorizer.java:124)
	at com.google.cloud.datastore.computation.Computation.run(Computation.java:82)
	at com.google.cloud.datastore.computation.Computation$Terminated.toFuture(Computation.java:950)
	at com.google.cloud.datastore.computation.Computation.toFuture(Computation.java:93)
	at com.google.cloud.datastore.emulator.impl.rules.DefaultEmulatorRulesAuthorizer.finish(DefaultEmulatorRulesAuthorizer.java:308)
	at com.google.cloud.datastore.emulator.impl.rules.DefaultEmulatorRulesAuthorizer.lambda$checkCommit$0(DefaultEmulatorRulesAuthorizer.java:122)
	at com.google.cloud.datastore.emulator.impl.rules.DefaultEmulatorRulesAuthorizer.withVerboseErrors(DefaultEmulatorRulesAuthorizer.java:321)
	... 22 more

Sep 15, 2026 7:00:11 PM com.google.cloud.datastore.emulator.impl.util.WrappedStreamObserver onError
WARNING: Operation failed: 
evaluation error at L374:26 for 'create' @ L374, false for 'create' @ L1024, false for 'update' @ L384, false for 'update' @ L1024, false for 'create' @ L374, false for 'create' @ L1024
com.google.cloud.datastore.core.exception.DatastoreException: 
evaluation error at L374:26 for 'create' @ L374, false for 'create' @ L1024, false for 'update' @ L384, false for 'update' @ L1024, false for 'create' @ L374, false for 'create' @ L1024
	at com.google.cloud.datastore.core.exception.DatastoreException$Builder.build(DatastoreException.java:152)
	at com.google.cloud.datastore.emulator.impl.rules.DefaultEmulatorRulesAuthorizer.verboseError(DefaultEmulatorRulesAuthorizer.java:349)
	at com.google.cloud.datastore.emulator.impl.rules.DefaultEmulatorRulesAuthorizer.withVerboseErrors(DefaultEmulatorRulesAuthorizer.java:326)
	at com.google.cloud.datastore.emulator.impl.rules.DefaultEmulatorRulesAuthorizer.checkCommit(DefaultEmulatorRulesAuthorizer.java:113)
	at com.google.cloud.datastore.emulator.impl.firestore.FirestoreEmulatorHelper.commitHelper(FirestoreEmulatorHelper.java:407)
	at com.google.cloud.datastore.emulator.impl.firestore.FirestoreEmulatorHelper.internalCommit(FirestoreEmulatorHelper.java:348)
	at com.google.cloud.datastore.emulator.impl.firestore.CloudFirestoreV1.internalCommit(CloudFirestoreV1.java:1336)
	at com.google.cloud.datastore.emulator.impl.firestore.CloudFirestoreV1.write(CloudFirestoreV1.java:1321)
	at com.google.cloud.datastore.emulator.impl.firestore.CloudFirestoreV1WriteStream.handleRequest(CloudFirestoreV1WriteStream.java:222)
	at com.google.cloud.datastore.emulator.impl.firestore.CloudFirestoreV1WriteStream.write(CloudFirestoreV1WriteStream.java:144)
	at com.google.cloud.datastore.emulator.impl.firestore.CloudFirestoreV1WriteStream.onNext(CloudFirestoreV1WriteStream.java:99)
	at com.google.cloud.datastore.emulator.impl.firestore.CloudFirestoreV1WriteStream.onNext(CloudFirestoreV1WriteStream.java:27)
	at io.grpc.stub.ServerCalls$StreamingServerCallHandler$StreamingServerCallListener.onMessage(ServerCalls.java:262)
	at io.grpc.ForwardingServerCallListener.onMessage(ForwardingServerCallListener.java:33)
	at io.grpc.Contexts$ContextualizedServerCallListener.onMessage(Contexts.java:76)
	at io.grpc.ForwardingServerCallListener.onMessage(ForwardingServerCallListener.java:33)
	at io.grpc.Contexts$ContextualizedServerCallListener.onMessage(Contexts.java:76)
	at io.grpc.internal.ServerCallImpl$ServerStreamListenerImpl.messagesAvailableInternal(ServerCallImpl.java:334)
	at io.grpc.internal.ServerCallImpl$ServerStreamListenerImpl.messagesAvailable(ServerCallImpl.java:319)
	at io.grpc.internal.ServerImpl$JumpToApplicationThreadServerStreamListener$1MessagesAvailable.runInContext(ServerImpl.java:852)
	at io.grpc.internal.ContextRunnable.run(ContextRunnable.java:37)
	at io.grpc.internal.SerializingExecutor.run(SerializingExecutor.java:133)
	at java.base/java.util.concurrent.ThreadPoolExecutor.runWorker(ThreadPoolExecutor.java:1144)
	at java.base/java.util.concurrent.ThreadPoolExecutor$Worker.run(ThreadPoolExecutor.java:642)
	at java.base/java.lang.Thread.run(Thread.java:1583)

Sep 15, 2026 7:00:11 PM com.google.cloud.datastore.emulator.impl.util.WrappedStreamObserver onError
WARNING: Operation failed: 
evaluation error at L374:26 for 'create' @ L374, false for 'create' @ L1024, false for 'update' @ L384, false for 'update' @ L1024, false for 'create' @ L374, false for 'create' @ L1024
com.google.cloud.datastore.core.exception.DatastoreException: 
evaluation error at L374:26 for 'create' @ L374, false for 'create' @ L1024, false for 'update' @ L384, false for 'update' @ L1024, false for 'create' @ L374, false for 'create' @ L1024
	at com.google.cloud.datastore.core.exception.DatastoreException$Builder.build(DatastoreException.java:152)
	at com.google.cloud.datastore.emulator.impl.rules.DefaultEmulatorRulesAuthorizer.verboseError(DefaultEmulatorRulesAuthorizer.java:349)
	at com.google.cloud.datastore.emulator.impl.rules.DefaultEmulatorRulesAuthorizer.withVerboseErrors(DefaultEmulatorRulesAuthorizer.java:326)
	at com.google.cloud.datastore.emulator.impl.rules.DefaultEmulatorRulesAuthorizer.checkCommit(DefaultEmulatorRulesAuthorizer.java:113)
	at com.google.cloud.datastore.emulator.impl.firestore.FirestoreEmulatorHelper.commitHelper(FirestoreEmulatorHelper.java:407)
	at com.google.cloud.datastore.emulator.impl.firestore.FirestoreEmulatorHelper.internalCommit(FirestoreEmulatorHelper.java:348)
	at com.google.cloud.datastore.emulator.impl.firestore.CloudFirestoreV1.internalCommit(CloudFirestoreV1.java:1336)
	at com.google.cloud.datastore.emulator.impl.firestore.CloudFirestoreV1.write(CloudFirestoreV1.java:1321)
	at com.google.cloud.datastore.emulator.impl.firestore.CloudFirestoreV1WriteStream.handleRequest(CloudFirestoreV1WriteStream.java:222)
	at com.google.cloud.datastore.emulator.impl.firestore.CloudFirestoreV1WriteStream.write(CloudFirestoreV1WriteStream.java:144)
	at com.google.cloud.datastore.emulator.impl.firestore.CloudFirestoreV1WriteStream.onNext(CloudFirestoreV1WriteStream.java:99)
	at com.google.cloud.datastore.emulator.impl.firestore.CloudFirestoreV1WriteStream.onNext(CloudFirestoreV1WriteStream.java:27)
	at io.grpc.stub.ServerCalls$StreamingServerCallHandler$StreamingServerCallListener.onMessage(ServerCalls.java:262)
	at io.grpc.ForwardingServerCallListener.onMessage(ForwardingServerCallListener.java:33)
	at io.grpc.Contexts$ContextualizedServerCallListener.onMessage(Contexts.java:76)
	at io.grpc.ForwardingServerCallListener.onMessage(ForwardingServerCallListener.java:33)
	at io.grpc.Contexts$ContextualizedServerCallListener.onMessage(Contexts.java:76)
	at io.grpc.internal.ServerCallImpl$ServerStreamListenerImpl.messagesAvailableInternal(ServerCallImpl.java:334)
	at io.grpc.internal.ServerCallImpl$ServerStreamListenerImpl.messagesAvailable(ServerCallImpl.java:319)
	at io.grpc.internal.ServerImpl$JumpToApplicationThreadServerStreamListener$1MessagesAvailable.runInContext(ServerImpl.java:852)
	at io.grpc.internal.ContextRunnable.run(ContextRunnable.java:37)
	at io.grpc.internal.SerializingExecutor.run(SerializingExecutor.java:133)
	at java.base/java.util.concurrent.ThreadPoolExecutor.runWorker(ThreadPoolExecutor.java:1144)
	at java.base/java.util.concurrent.ThreadPoolExecutor$Worker.run(ThreadPoolExecutor.java:642)
	at java.base/java.lang.Thread.run(Thread.java:1583)

Sep 15, 2026 7:00:11 PM com.google.cloud.datastore.emulator.impl.util.WrappedStreamObserver onError
WARNING: Operation failed: 
evaluation error at L374:26 for 'create' @ L374, false for 'create' @ L1024, false for 'update' @ L384, false for 'update' @ L1024, false for 'create' @ L374, false for 'create' @ L1024
com.google.cloud.datastore.core.exception.DatastoreException: 
evaluation error at L374:26 for 'create' @ L374, false for 'create' @ L1024, false for 'update' @ L384, false for 'update' @ L1024, false for 'create' @ L374, false for 'create' @ L1024
	at com.google.cloud.datastore.core.exception.DatastoreException$Builder.build(DatastoreException.java:152)
	at com.google.cloud.datastore.emulator.impl.rules.DefaultEmulatorRulesAuthorizer.verboseError(DefaultEmulatorRulesAuthorizer.java:349)
	at com.google.cloud.datastore.emulator.impl.rules.DefaultEmulatorRulesAuthorizer.withVerboseErrors(DefaultEmulatorRulesAuthorizer.java:326)
	at com.google.cloud.datastore.emulator.impl.rules.DefaultEmulatorRulesAuthorizer.checkCommit(DefaultEmulatorRulesAuthorizer.java:113)
	at com.google.cloud.datastore.emulator.impl.firestore.FirestoreEmulatorHelper.commitHelper(FirestoreEmulatorHelper.java:407)
	at com.google.cloud.datastore.emulator.impl.firestore.FirestoreEmulatorHelper.internalCommit(FirestoreEmulatorHelper.java:348)
	at com.google.cloud.datastore.emulator.impl.firestore.CloudFirestoreV1.internalCommit(CloudFirestoreV1.java:1336)
	at com.google.cloud.datastore.emulator.impl.firestore.CloudFirestoreV1.write(CloudFirestoreV1.java:1321)
	at com.google.cloud.datastore.emulator.impl.firestore.CloudFirestoreV1WriteStream.handleRequest(CloudFirestoreV1WriteStream.java:222)
	at com.google.cloud.datastore.emulator.impl.firestore.CloudFirestoreV1WriteStream.write(CloudFirestoreV1WriteStream.java:144)
	at com.google.cloud.datastore.emulator.impl.firestore.CloudFirestoreV1WriteStream.onNext(CloudFirestoreV1WriteStream.java:99)
	at com.google.cloud.datastore.emulator.impl.firestore.CloudFirestoreV1WriteStream.onNext(CloudFirestoreV1WriteStream.java:27)
	at io.grpc.stub.ServerCalls$StreamingServerCallHandler$StreamingServerCallListener.onMessage(ServerCalls.java:262)
	at io.grpc.ForwardingServerCallListener.onMessage(ForwardingServerCallListener.java:33)
	at io.grpc.Contexts$ContextualizedServerCallListener.onMessage(Contexts.java:76)
	at io.grpc.ForwardingServerCallListener.onMessage(ForwardingServerCallListener.java:33)
	at io.grpc.Contexts$ContextualizedServerCallListener.onMessage(Contexts.java:76)
	at io.grpc.internal.ServerCallImpl$ServerStreamListenerImpl.messagesAvailableInternal(ServerCallImpl.java:334)
	at io.grpc.internal.ServerCallImpl$ServerStreamListenerImpl.messagesAvailable(ServerCallImpl.java:319)
	at io.grpc.internal.ServerImpl$JumpToApplicationThreadServerStreamListener$1MessagesAvailable.runInContext(ServerImpl.java:852)
	at io.grpc.internal.ContextRunnable.run(ContextRunnable.java:37)
	at io.grpc.internal.SerializingExecutor.run(SerializingExecutor.java:133)
	at java.base/java.util.concurrent.ThreadPoolExecutor.runWorker(ThreadPoolExecutor.java:1144)
	at java.base/java.util.concurrent.ThreadPoolExecutor$Worker.run(ThreadPoolExecutor.java:642)
	at java.base/java.lang.Thread.run(Thread.java:1583)

Sep 15, 2026 7:00:11 PM com.google.cloud.datastore.emulator.impl.util.WrappedStreamObserver onError
WARNING: Operation failed: 
evaluation error at L374:26 for 'create' @ L374, false for 'create' @ L1024, evaluation error at L384:26 for 'update' @ L384, false for 'update' @ L1024, false for 'update' @ L384, false for 'update' @ L1024
com.google.cloud.datastore.core.exception.DatastoreException: 
evaluation error at L374:26 for 'create' @ L374, false for 'create' @ L1024, evaluation error at L384:26 for 'update' @ L384, false for 'update' @ L1024, false for 'update' @ L384, false for 'update' @ L1024
	at com.google.cloud.datastore.core.exception.DatastoreException$Builder.build(DatastoreException.java:152)
	at com.google.cloud.datastore.emulator.impl.rules.DefaultEmulatorRulesAuthorizer.verboseError(DefaultEmulatorRulesAuthorizer.java:349)
	at com.google.cloud.datastore.emulator.impl.rules.DefaultEmulatorRulesAuthorizer.withVerboseErrors(DefaultEmulatorRulesAuthorizer.java:326)
	at com.google.cloud.datastore.emulator.impl.rules.DefaultEmulatorRulesAuthorizer.checkCommit(DefaultEmulatorRulesAuthorizer.java:113)
	at com.google.cloud.datastore.emulator.impl.firestore.FirestoreEmulatorHelper.commitHelper(FirestoreEmulatorHelper.java:407)
	at com.google.cloud.datastore.emulator.impl.firestore.FirestoreEmulatorHelper.internalCommit(FirestoreEmulatorHelper.java:348)
	at com.google.cloud.datastore.emulator.impl.firestore.CloudFirestoreV1.internalCommit(CloudFirestoreV1.java:1336)
	at com.google.cloud.datastore.emulator.impl.firestore.CloudFirestoreV1.write(CloudFirestoreV1.java:1321)
	at com.google.cloud.datastore.emulator.impl.firestore.CloudFirestoreV1WriteStream.handleRequest(CloudFirestoreV1WriteStream.java:222)
	at com.google.cloud.datastore.emulator.impl.firestore.CloudFirestoreV1WriteStream.write(CloudFirestoreV1WriteStream.java:144)
	at com.google.cloud.datastore.emulator.impl.firestore.CloudFirestoreV1WriteStream.onNext(CloudFirestoreV1WriteStream.java:99)
	at com.google.cloud.datastore.emulator.impl.firestore.CloudFirestoreV1WriteStream.onNext(CloudFirestoreV1WriteStream.java:27)
	at io.grpc.stub.ServerCalls$StreamingServerCallHandler$StreamingServerCallListener.onMessage(ServerCalls.java:262)
	at io.grpc.ForwardingServerCallListener.onMessage(ForwardingServerCallListener.java:33)
	at io.grpc.Contexts$ContextualizedServerCallListener.onMessage(Contexts.java:76)
	at io.grpc.ForwardingServerCallListener.onMessage(ForwardingServerCallListener.java:33)
	at io.grpc.Contexts$ContextualizedServerCallListener.onMessage(Contexts.java:76)
	at io.grpc.internal.ServerCallImpl$ServerStreamListenerImpl.messagesAvailableInternal(ServerCallImpl.java:334)
	at io.grpc.internal.ServerCallImpl$ServerStreamListenerImpl.messagesAvailable(ServerCallImpl.java:319)
	at io.grpc.internal.ServerImpl$JumpToApplicationThreadServerStreamListener$1MessagesAvailable.runInContext(ServerImpl.java:852)
	at io.grpc.internal.ContextRunnable.run(ContextRunnable.java:37)
	at io.grpc.internal.SerializingExecutor.run(SerializingExecutor.java:133)
	at java.base/java.util.concurrent.ThreadPoolExecutor.runWorker(ThreadPoolExecutor.java:1144)
	at java.base/java.util.concurrent.ThreadPoolExecutor$Worker.run(ThreadPoolExecutor.java:642)
	at java.base/java.lang.Thread.run(Thread.java:1583)

Sep 15, 2026 7:00:12 PM com.google.cloud.datastore.emulator.impl.util.WrappedStreamObserver onError
WARNING: Operation failed: 
evaluation error at L384:26 for 'update' @ L384, false for 'update' @ L1024, false for 'update' @ L384, false for 'update' @ L1024
com.google.cloud.datastore.core.exception.DatastoreException: 
evaluation error at L384:26 for 'update' @ L384, false for 'update' @ L1024, false for 'update' @ L384, false for 'update' @ L1024
	at com.google.cloud.datastore.core.exception.DatastoreException$Builder.build(DatastoreException.java:152)
	at com.google.cloud.datastore.emulator.impl.rules.DefaultEmulatorRulesAuthorizer.verboseError(DefaultEmulatorRulesAuthorizer.java:349)
	at com.google.cloud.datastore.emulator.impl.rules.DefaultEmulatorRulesAuthorizer.withVerboseErrors(DefaultEmulatorRulesAuthorizer.java:326)
	at com.google.cloud.datastore.emulator.impl.rules.DefaultEmulatorRulesAuthorizer.checkCommit(DefaultEmulatorRulesAuthorizer.java:113)
	at com.google.cloud.datastore.emulator.impl.firestore.FirestoreEmulatorHelper.commitHelper(FirestoreEmulatorHelper.java:407)
	at com.google.cloud.datastore.emulator.impl.firestore.FirestoreEmulatorHelper.internalCommit(FirestoreEmulatorHelper.java:348)
	at com.google.cloud.datastore.emulator.impl.firestore.CloudFirestoreV1.internalCommit(CloudFirestoreV1.java:1336)
	at com.google.cloud.datastore.emulator.impl.firestore.CloudFirestoreV1.write(CloudFirestoreV1.java:1321)
	at com.google.cloud.datastore.emulator.impl.firestore.CloudFirestoreV1WriteStream.handleRequest(CloudFirestoreV1WriteStream.java:222)
	at com.google.cloud.datastore.emulator.impl.firestore.CloudFirestoreV1WriteStream.write(CloudFirestoreV1WriteStream.java:144)
	at com.google.cloud.datastore.emulator.impl.firestore.CloudFirestoreV1WriteStream.onNext(CloudFirestoreV1WriteStream.java:99)
	at com.google.cloud.datastore.emulator.impl.firestore.CloudFirestoreV1WriteStream.onNext(CloudFirestoreV1WriteStream.java:27)
	at io.grpc.stub.ServerCalls$StreamingServerCallHandler$StreamingServerCallListener.onMessage(ServerCalls.java:262)
	at io.grpc.ForwardingServerCallListener.onMessage(ForwardingServerCallListener.java:33)
	at io.grpc.Contexts$ContextualizedServerCallListener.onMessage(Contexts.java:76)
	at io.grpc.ForwardingServerCallListener.onMessage(ForwardingServerCallListener.java:33)
	at io.grpc.Contexts$ContextualizedServerCallListener.onMessage(Contexts.java:76)
	at io.grpc.internal.ServerCallImpl$ServerStreamListenerImpl.messagesAvailableInternal(ServerCallImpl.java:334)
	at io.grpc.internal.ServerCallImpl$ServerStreamListenerImpl.messagesAvailable(ServerCallImpl.java:319)
	at io.grpc.internal.ServerImpl$JumpToApplicationThreadServerStreamListener$1MessagesAvailable.runInContext(ServerImpl.java:852)
	at io.grpc.internal.ContextRunnable.run(ContextRunnable.java:37)
	at io.grpc.internal.SerializingExecutor.run(SerializingExecutor.java:133)
	at java.base/java.util.concurrent.ThreadPoolExecutor.runWorker(ThreadPoolExecutor.java:1144)
	at java.base/java.util.concurrent.ThreadPoolExecutor$Worker.run(ThreadPoolExecutor.java:642)
	at java.base/java.lang.Thread.run(Thread.java:1583)

Sep 15, 2026 7:00:13 PM com.google.cloud.datastore.emulator.impl.util.WrappedStreamObserver onError
WARNING: Operation failed: 
evaluation error at L681:26 for 'create' @ L681, false for 'create' @ L1024, false for 'update' @ L701, false for 'update' @ L1024, Null value error. for 'create' @ L681, false for 'create' @ L1024
com.google.cloud.datastore.core.exception.DatastoreException: 
evaluation error at L681:26 for 'create' @ L681, false for 'create' @ L1024, false for 'update' @ L701, false for 'update' @ L1024, Null value error. for 'create' @ L681, false for 'create' @ L1024
	at com.google.cloud.datastore.core.exception.DatastoreException$Builder.build(DatastoreException.java:152)
	at com.google.cloud.datastore.emulator.impl.rules.DefaultEmulatorRulesAuthorizer.verboseError(DefaultEmulatorRulesAuthorizer.java:349)
	at com.google.cloud.datastore.emulator.impl.rules.DefaultEmulatorRulesAuthorizer.withVerboseErrors(DefaultEmulatorRulesAuthorizer.java:326)
	at com.google.cloud.datastore.emulator.impl.rules.DefaultEmulatorRulesAuthorizer.checkCommit(DefaultEmulatorRulesAuthorizer.java:113)
	at com.google.cloud.datastore.emulator.impl.firestore.FirestoreEmulatorHelper.commitHelper(FirestoreEmulatorHelper.java:407)
	at com.google.cloud.datastore.emulator.impl.firestore.FirestoreEmulatorHelper.internalCommit(FirestoreEmulatorHelper.java:348)
	at com.google.cloud.datastore.emulator.impl.firestore.CloudFirestoreV1.internalCommit(CloudFirestoreV1.java:1336)
	at com.google.cloud.datastore.emulator.impl.firestore.CloudFirestoreV1.write(CloudFirestoreV1.java:1321)
	at com.google.cloud.datastore.emulator.impl.firestore.CloudFirestoreV1WriteStream.handleRequest(CloudFirestoreV1WriteStream.java:222)
	at com.google.cloud.datastore.emulator.impl.firestore.CloudFirestoreV1WriteStream.write(CloudFirestoreV1WriteStream.java:144)
	at com.google.cloud.datastore.emulator.impl.firestore.CloudFirestoreV1WriteStream.onNext(CloudFirestoreV1WriteStream.java:99)
	at com.google.cloud.datastore.emulator.impl.firestore.CloudFirestoreV1WriteStream.onNext(CloudFirestoreV1WriteStream.java:27)
	at io.grpc.stub.ServerCalls$StreamingServerCallHandler$StreamingServerCallListener.onMessage(ServerCalls.java:262)
	at io.grpc.ForwardingServerCallListener.onMessage(ForwardingServerCallListener.java:33)
	at io.grpc.Contexts$ContextualizedServerCallListener.onMessage(Contexts.java:76)
	at io.grpc.ForwardingServerCallListener.onMessage(ForwardingServerCallListener.java:33)
	at io.grpc.Contexts$ContextualizedServerCallListener.onMessage(Contexts.java:76)
	at io.grpc.internal.ServerCallImpl$ServerStreamListenerImpl.messagesAvailableInternal(ServerCallImpl.java:334)
	at io.grpc.internal.ServerCallImpl$ServerStreamListenerImpl.messagesAvailable(ServerCallImpl.java:319)
	at io.grpc.internal.ServerImpl$JumpToApplicationThreadServerStreamListener$1MessagesAvailable.runInContext(ServerImpl.java:852)
	at io.grpc.internal.ContextRunnable.run(ContextRunnable.java:37)
	at io.grpc.internal.SerializingExecutor.run(SerializingExecutor.java:133)
	at java.base/java.util.concurrent.ThreadPoolExecutor.runWorker(ThreadPoolExecutor.java:1144)
	at java.base/java.util.concurrent.ThreadPoolExecutor$Worker.run(ThreadPoolExecutor.java:642)
	at java.base/java.lang.Thread.run(Thread.java:1583)
Caused by: com.google.firebase.rules.runtime.common.EvaluationException: Error:  line [700], column [14]. Null value error.
	at com.google.firebase.rules.runtime.impl.DefaultEvaluator$TransformEvaluationException.apply(DefaultEvaluator.java:275)
	at com.google.firebase.rules.runtime.impl.DefaultEvaluator$TransformEvaluationException.apply(DefaultEvaluator.java:261)
	at com.google.common.util.concurrent.AbstractCatchingFuture$AsyncCatchingFuture.doFallback(AbstractCatchingFuture.java:207)
	at com.google.common.util.concurrent.AbstractCatchingFuture$AsyncCatchingFuture.doFallback(AbstractCatchingFuture.java:194)
	at com.google.common.util.concurrent.AbstractCatchingFuture.run(AbstractCatchingFuture.java:136)
	at com.google.common.util.concurrent.DirectExecutor.execute(DirectExecutor.java:30)
	at com.google.common.util.concurrent.AbstractFuture.executeListener(AbstractFuture.java:1045)
	at com.google.common.util.concurrent.AbstractFuture.addListener(AbstractFuture.java:492)
	at com.google.common.util.concurrent.FluentFuture$TrustedFuture.addListener(FluentFuture.java:122)
	at com.google.common.util.concurrent.AbstractCatchingFuture.createAsync(AbstractCatchingFuture.java:58)
	at com.google.common.util.concurrent.Futures.catchingAsync(Futures.java:411)
	at com.google.firebase.rules.runtime.impl.DefaultEvaluator.evaluate(DefaultEvaluator.java:177)
	at com.google.cloud.datastore.emulator.impl.rules.EmulatorRuleClient$EmulatorRuleEvaluator.evaluate(EmulatorRuleClient.java:88)
	at com.google.cloud.datastore.core.auth.rules.AsyncTwoPhaseRulesAuthorizer.lambda$fullEvaluate$0(AsyncTwoPhaseRulesAuthorizer.java:993)
	at com.google.cloud.datastore.computation.Computation.tryCatch(Computation.java:472)
	at com.google.cloud.datastore.core.auth.rules.AsyncTwoPhaseRulesAuthorizer.fullEvaluate(AsyncTwoPhaseRulesAuthorizer.java:992)
	at com.google.cloud.datastore.core.auth.rules.AsyncTwoPhaseRulesAuthorizer$WriteAuthorizerImpl.lambda$checkWrite$0(AsyncTwoPhaseRulesAuthorizer.java:1227)
	at com.google.cloud.datastore.computation.Computation.lambda$tryClose$1(Computation.java:741)
	at com.google.cloud.datastore.computation.Computation.tryCatch(Computation.java:472)
	at com.google.cloud.datastore.computation.Computation.tryFinally(Computation.java:708)
	at com.google.cloud.datastore.computation.Computation.tryFinally(Computation.java:714)
	at com.google.cloud.datastore.computation.Computation.tryClose(Computation.java:741)
	at com.google.cloud.datastore.core.auth.rules.AsyncTwoPhaseRulesAuthorizer$WriteAuthorizerImpl.checkWrite(AsyncTwoPhaseRulesAuthorizer.java:1199)
	at com.google.cloud.datastore.emulator.impl.rules.DefaultEmulatorRulesAuthorizer.lambda$checkCommit$2(DefaultEmulatorRulesAuthorizer.java:124)
	at com.google.cloud.datastore.computation.Computation.run(Computation.java:82)
	at com.google.cloud.datastore.computation.Computation$Terminated.toFuture(Computation.java:950)
	at com.google.cloud.datastore.computation.Computation.toFuture(Computation.java:93)
	at com.google.cloud.datastore.emulator.impl.rules.DefaultEmulatorRulesAuthorizer.finish(DefaultEmulatorRulesAuthorizer.java:308)
	at com.google.cloud.datastore.emulator.impl.rules.DefaultEmulatorRulesAuthorizer.lambda$checkCommit$0(DefaultEmulatorRulesAuthorizer.java:122)
	at com.google.cloud.datastore.emulator.impl.rules.DefaultEmulatorRulesAuthorizer.withVerboseErrors(DefaultEmulatorRulesAuthorizer.java:321)
	... 22 more

Sep 15, 2026 7:00:13 PM com.google.cloud.datastore.emulator.impl.util.WrappedStreamObserver onError
WARNING: Operation failed: 
evaluation error at L956:24 for 'create' @ L956, false for 'create' @ L1024, false for 'update' @ L969, false for 'update' @ L1024, evaluation error at L995:9 for 'update' @ L995, false for 'update' @ L1024, false for 'update' @ L995, false for 'update' @ L1024
com.google.cloud.datastore.core.exception.DatastoreException: 
evaluation error at L956:24 for 'create' @ L956, false for 'create' @ L1024, false for 'update' @ L969, false for 'update' @ L1024, evaluation error at L995:9 for 'update' @ L995, false for 'update' @ L1024, false for 'update' @ L995, false for 'update' @ L1024
	at com.google.cloud.datastore.core.exception.DatastoreException$Builder.build(DatastoreException.java:152)
	at com.google.cloud.datastore.emulator.impl.rules.DefaultEmulatorRulesAuthorizer.verboseError(DefaultEmulatorRulesAuthorizer.java:349)
	at com.google.cloud.datastore.emulator.impl.rules.DefaultEmulatorRulesAuthorizer.withVerboseErrors(DefaultEmulatorRulesAuthorizer.java:326)
	at com.google.cloud.datastore.emulator.impl.rules.DefaultEmulatorRulesAuthorizer.checkCommit(DefaultEmulatorRulesAuthorizer.java:113)
	at com.google.cloud.datastore.emulator.impl.firestore.FirestoreEmulatorHelper.commitHelper(FirestoreEmulatorHelper.java:407)
	at com.google.cloud.datastore.emulator.impl.firestore.FirestoreEmulatorHelper.internalCommit(FirestoreEmulatorHelper.java:348)
	at com.google.cloud.datastore.emulator.impl.firestore.CloudFirestoreV1.internalCommit(CloudFirestoreV1.java:1336)
	at com.google.cloud.datastore.emulator.impl.firestore.CloudFirestoreV1.write(CloudFirestoreV1.java:1321)
	at com.google.cloud.datastore.emulator.impl.firestore.CloudFirestoreV1WriteStream.handleRequest(CloudFirestoreV1WriteStream.java:222)
	at com.google.cloud.datastore.emulator.impl.firestore.CloudFirestoreV1WriteStream.write(CloudFirestoreV1WriteStream.java:144)
	at com.google.cloud.datastore.emulator.impl.firestore.CloudFirestoreV1WriteStream.onNext(CloudFirestoreV1WriteStream.java:99)
	at com.google.cloud.datastore.emulator.impl.firestore.CloudFirestoreV1WriteStream.onNext(CloudFirestoreV1WriteStream.java:27)
	at io.grpc.stub.ServerCalls$StreamingServerCallHandler$StreamingServerCallListener.onMessage(ServerCalls.java:262)
	at io.grpc.ForwardingServerCallListener.onMessage(ForwardingServerCallListener.java:33)
	at io.grpc.Contexts$ContextualizedServerCallListener.onMessage(Contexts.java:76)
	at io.grpc.ForwardingServerCallListener.onMessage(ForwardingServerCallListener.java:33)
	at io.grpc.Contexts$ContextualizedServerCallListener.onMessage(Contexts.java:76)
	at io.grpc.internal.ServerCallImpl$ServerStreamListenerImpl.messagesAvailableInternal(ServerCallImpl.java:334)
	at io.grpc.internal.ServerCallImpl$ServerStreamListenerImpl.messagesAvailable(ServerCallImpl.java:319)
	at io.grpc.internal.ServerImpl$JumpToApplicationThreadServerStreamListener$1MessagesAvailable.runInContext(ServerImpl.java:852)
	at io.grpc.internal.ContextRunnable.run(ContextRunnable.java:37)
	at io.grpc.internal.SerializingExecutor.run(SerializingExecutor.java:133)
	at java.base/java.util.concurrent.ThreadPoolExecutor.runWorker(ThreadPoolExecutor.java:1144)
	at java.base/java.util.concurrent.ThreadPoolExecutor$Worker.run(ThreadPoolExecutor.java:642)
	at java.base/java.lang.Thread.run(Thread.java:1583)

Sep 15, 2026 7:00:13 PM com.google.cloud.datastore.emulator.impl.util.WrappedStreamObserver onError
WARNING: Operation failed: 
evaluation error at L995:9 for 'update' @ L995, false for 'update' @ L1024, false for 'update' @ L995, false for 'update' @ L1024
com.google.cloud.datastore.core.exception.DatastoreException: 
evaluation error at L995:9 for 'update' @ L995, false for 'update' @ L1024, false for 'update' @ L995, false for 'update' @ L1024
	at com.google.cloud.datastore.core.exception.DatastoreException$Builder.build(DatastoreException.java:152)
	at com.google.cloud.datastore.emulator.impl.rules.DefaultEmulatorRulesAuthorizer.verboseError(DefaultEmulatorRulesAuthorizer.java:349)
	at com.google.cloud.datastore.emulator.impl.rules.DefaultEmulatorRulesAuthorizer.withVerboseErrors(DefaultEmulatorRulesAuthorizer.java:326)
	at com.google.cloud.datastore.emulator.impl.rules.DefaultEmulatorRulesAuthorizer.checkCommit(DefaultEmulatorRulesAuthorizer.java:113)
	at com.google.cloud.datastore.emulator.impl.firestore.FirestoreEmulatorHelper.commitHelper(FirestoreEmulatorHelper.java:407)
	at com.google.cloud.datastore.emulator.impl.firestore.FirestoreEmulatorHelper.internalCommit(FirestoreEmulatorHelper.java:348)
	at com.google.cloud.datastore.emulator.impl.firestore.CloudFirestoreV1.internalCommit(CloudFirestoreV1.java:1336)
	at com.google.cloud.datastore.emulator.impl.firestore.CloudFirestoreV1.write(CloudFirestoreV1.java:1321)
	at com.google.cloud.datastore.emulator.impl.firestore.CloudFirestoreV1WriteStream.handleRequest(CloudFirestoreV1WriteStream.java:222)
	at com.google.cloud.datastore.emulator.impl.firestore.CloudFirestoreV1WriteStream.write(CloudFirestoreV1WriteStream.java:144)
	at com.google.cloud.datastore.emulator.impl.firestore.CloudFirestoreV1WriteStream.onNext(CloudFirestoreV1WriteStream.java:99)
	at com.google.cloud.datastore.emulator.impl.firestore.CloudFirestoreV1WriteStream.onNext(CloudFirestoreV1WriteStream.java:27)
	at io.grpc.stub.ServerCalls$StreamingServerCallHandler$StreamingServerCallListener.onMessage(ServerCalls.java:262)
	at io.grpc.ForwardingServerCallListener.onMessage(ForwardingServerCallListener.java:33)
	at io.grpc.Contexts$ContextualizedServerCallListener.onMessage(Contexts.java:76)
	at io.grpc.ForwardingServerCallListener.onMessage(ForwardingServerCallListener.java:33)
	at io.grpc.Contexts$ContextualizedServerCallListener.onMessage(Contexts.java:76)
	at io.grpc.internal.ServerCallImpl$ServerStreamListenerImpl.messagesAvailableInternal(ServerCallImpl.java:334)
	at io.grpc.internal.ServerCallImpl$ServerStreamListenerImpl.messagesAvailable(ServerCallImpl.java:319)
	at io.grpc.internal.ServerImpl$JumpToApplicationThreadServerStreamListener$1MessagesAvailable.runInContext(ServerImpl.java:852)
	at io.grpc.internal.ContextRunnable.run(ContextRunnable.java:37)
	at io.grpc.internal.SerializingExecutor.run(SerializingExecutor.java:133)
	at java.base/java.util.concurrent.ThreadPoolExecutor.runWorker(ThreadPoolExecutor.java:1144)
	at java.base/java.util.concurrent.ThreadPoolExecutor$Worker.run(ThreadPoolExecutor.java:642)
	at java.base/java.lang.Thread.run(Thread.java:1583)

Sep 15, 2026 7:00:14 PM com.google.cloud.datastore.emulator.impl.util.WrappedStreamObserver onError
WARNING: Operation failed: 
evaluation error at L956:24 for 'create' @ L956, false for 'create' @ L1024, false for 'update' @ L969, false for 'update' @ L1024, evaluation error at L986:24 for 'create' @ L986, false for 'create' @ L1024, evaluation error at L995:9 for 'update' @ L995, false for 'update' @ L1024, false for 'create' @ L956, false for 'create' @ L1024
com.google.cloud.datastore.core.exception.DatastoreException: 
evaluation error at L956:24 for 'create' @ L956, false for 'create' @ L1024, false for 'update' @ L969, false for 'update' @ L1024, evaluation error at L986:24 for 'create' @ L986, false for 'create' @ L1024, evaluation error at L995:9 for 'update' @ L995, false for 'update' @ L1024, false for 'create' @ L956, false for 'create' @ L1024
	at com.google.cloud.datastore.core.exception.DatastoreException$Builder.build(DatastoreException.java:152)
	at com.google.cloud.datastore.emulator.impl.rules.DefaultEmulatorRulesAuthorizer.verboseError(DefaultEmulatorRulesAuthorizer.java:349)
	at com.google.cloud.datastore.emulator.impl.rules.DefaultEmulatorRulesAuthorizer.withVerboseErrors(DefaultEmulatorRulesAuthorizer.java:326)
	at com.google.cloud.datastore.emulator.impl.rules.DefaultEmulatorRulesAuthorizer.checkCommit(DefaultEmulatorRulesAuthorizer.java:113)
	at com.google.cloud.datastore.emulator.impl.firestore.FirestoreEmulatorHelper.commitHelper(FirestoreEmulatorHelper.java:407)
	at com.google.cloud.datastore.emulator.impl.firestore.FirestoreEmulatorHelper.internalCommit(FirestoreEmulatorHelper.java:348)
	at com.google.cloud.datastore.emulator.impl.firestore.CloudFirestoreV1.internalCommit(CloudFirestoreV1.java:1336)
	at com.google.cloud.datastore.emulator.impl.firestore.CloudFirestoreV1.write(CloudFirestoreV1.java:1321)
	at com.google.cloud.datastore.emulator.impl.firestore.CloudFirestoreV1WriteStream.handleRequest(CloudFirestoreV1WriteStream.java:222)
	at com.google.cloud.datastore.emulator.impl.firestore.CloudFirestoreV1WriteStream.write(CloudFirestoreV1WriteStream.java:144)
	at com.google.cloud.datastore.emulator.impl.firestore.CloudFirestoreV1WriteStream.onNext(CloudFirestoreV1WriteStream.java:99)
	at com.google.cloud.datastore.emulator.impl.firestore.CloudFirestoreV1WriteStream.onNext(CloudFirestoreV1WriteStream.java:27)
	at io.grpc.stub.ServerCalls$StreamingServerCallHandler$StreamingServerCallListener.onMessage(ServerCalls.java:262)
	at io.grpc.ForwardingServerCallListener.onMessage(ForwardingServerCallListener.java:33)
	at io.grpc.Contexts$ContextualizedServerCallListener.onMessage(Contexts.java:76)
	at io.grpc.ForwardingServerCallListener.onMessage(ForwardingServerCallListener.java:33)
	at io.grpc.Contexts$ContextualizedServerCallListener.onMessage(Contexts.java:76)
	at io.grpc.internal.ServerCallImpl$ServerStreamListenerImpl.messagesAvailableInternal(ServerCallImpl.java:334)
	at io.grpc.internal.ServerCallImpl$ServerStreamListenerImpl.messagesAvailable(ServerCallImpl.java:319)
	at io.grpc.internal.ServerImpl$JumpToApplicationThreadServerStreamListener$1MessagesAvailable.runInContext(ServerImpl.java:852)
	at io.grpc.internal.ContextRunnable.run(ContextRunnable.java:37)
	at io.grpc.internal.SerializingExecutor.run(SerializingExecutor.java:133)
	at java.base/java.util.concurrent.ThreadPoolExecutor.runWorker(ThreadPoolExecutor.java:1144)
	at java.base/java.util.concurrent.ThreadPoolExecutor$Worker.run(ThreadPoolExecutor.java:642)
	at java.base/java.lang.Thread.run(Thread.java:1583)

Sep 15, 2026 7:00:15 PM com.google.cloud.datastore.emulator.impl.util.WrappedStreamObserver onError
WARNING: Operation failed: 
evaluation error at L995:9 for 'update' @ L995, false for 'update' @ L1024, false for 'update' @ L995, false for 'update' @ L1024
com.google.cloud.datastore.core.exception.DatastoreException: 
evaluation error at L995:9 for 'update' @ L995, false for 'update' @ L1024, false for 'update' @ L995, false for 'update' @ L1024
	at com.google.cloud.datastore.core.exception.DatastoreException$Builder.build(DatastoreException.java:152)
	at com.google.cloud.datastore.emulator.impl.rules.DefaultEmulatorRulesAuthorizer.verboseError(DefaultEmulatorRulesAuthorizer.java:349)
	at com.google.cloud.datastore.emulator.impl.rules.DefaultEmulatorRulesAuthorizer.withVerboseErrors(DefaultEmulatorRulesAuthorizer.java:326)
	at com.google.cloud.datastore.emulator.impl.rules.DefaultEmulatorRulesAuthorizer.checkCommit(DefaultEmulatorRulesAuthorizer.java:113)
	at com.google.cloud.datastore.emulator.impl.firestore.FirestoreEmulatorHelper.commitHelper(FirestoreEmulatorHelper.java:407)
	at com.google.cloud.datastore.emulator.impl.firestore.FirestoreEmulatorHelper.internalCommit(FirestoreEmulatorHelper.java:348)
	at com.google.cloud.datastore.emulator.impl.firestore.CloudFirestoreV1.internalCommit(CloudFirestoreV1.java:1336)
	at com.google.cloud.datastore.emulator.impl.firestore.CloudFirestoreV1.write(CloudFirestoreV1.java:1321)
	at com.google.cloud.datastore.emulator.impl.firestore.CloudFirestoreV1WriteStream.handleRequest(CloudFirestoreV1WriteStream.java:222)
	at com.google.cloud.datastore.emulator.impl.firestore.CloudFirestoreV1WriteStream.write(CloudFirestoreV1WriteStream.java:144)
	at com.google.cloud.datastore.emulator.impl.firestore.CloudFirestoreV1WriteStream.onNext(CloudFirestoreV1WriteStream.java:99)
	at com.google.cloud.datastore.emulator.impl.firestore.CloudFirestoreV1WriteStream.onNext(CloudFirestoreV1WriteStream.java:27)
	at io.grpc.stub.ServerCalls$StreamingServerCallHandler$StreamingServerCallListener.onMessage(ServerCalls.java:262)
	at io.grpc.ForwardingServerCallListener.onMessage(ForwardingServerCallListener.java:33)
	at io.grpc.Contexts$ContextualizedServerCallListener.onMessage(Contexts.java:76)
	at io.grpc.ForwardingServerCallListener.onMessage(ForwardingServerCallListener.java:33)
	at io.grpc.Contexts$ContextualizedServerCallListener.onMessage(Contexts.java:76)
	at io.grpc.internal.ServerCallImpl$ServerStreamListenerImpl.messagesAvailableInternal(ServerCallImpl.java:334)
	at io.grpc.internal.ServerCallImpl$ServerStreamListenerImpl.messagesAvailable(ServerCallImpl.java:319)
	at io.grpc.internal.ServerImpl$JumpToApplicationThreadServerStreamListener$1MessagesAvailable.runInContext(ServerImpl.java:852)
	at io.grpc.internal.ContextRunnable.run(ContextRunnable.java:37)
	at io.grpc.internal.SerializingExecutor.run(SerializingExecutor.java:133)
	at java.base/java.util.concurrent.ThreadPoolExecutor.runWorker(ThreadPoolExecutor.java:1144)
	at java.base/java.util.concurrent.ThreadPoolExecutor$Worker.run(ThreadPoolExecutor.java:642)
	at java.base/java.lang.Thread.run(Thread.java:1583)

